{"id":580606690,"items":[{"id":230710867,"status":2,"title":"Blog Template","order":1,"templateKey":"blog","pageLinks":[]},{"id":24521504,"status":2,"title":"Post Template","order":2,"templateKey":"post","pageLinks":[]},{"id":420813019,"status":2,"title":"Product List Template","order":3,"templateKey":"products","pageLinks":[]},{"id":606516600,"status":2,"title":"Product Details Template","order":4,"templateKey":"product","pageLinks":[]},{"id":570011083,"status":2,"title":"Homepage","order":5,"templateKey":null,"pageLinks":[]},{"id":752820721,"status":2,"title":"drink","order":6,"templateKey":null,"pageLinks":[]}],"metaTags":null,"order":65536,"headHtml":null,"customCss":null,"headerHtml":"<section class=\"u-align-center u-clearfix u-header u-sticky u-block-2b91-1\" custom-posts-hash=\"[]\" data-style=\"header-imglogo-menu\" data-post-id=\"post11\" data-section-properties=\"{&quot;grid-spacing&quot;:&quot;0&quot;,&quot;align&quot;:&quot;left&quot;,&quot;stretch&quot;:true}\" id=\"sec-b13d\" data-source=\"\" data-id=\"2b91\">\n  <div class=\"u-clearfix u-sheet u-block-2b91-2\" data-state=\"{&quot;margin-top&quot;:{&quot;shouldApplyDefaultMargins&quot;:{&quot;XL&quot;:false,&quot;LG&quot;:false,&quot;MD&quot;:false,&quot;SM&quot;:false,&quot;XS&quot;:false},&quot;parentVerticalAlign&quot;:{&quot;XL&quot;:&quot;&quot;,&quot;LG&quot;:&quot;&quot;,&quot;MD&quot;:&quot;&quot;,&quot;SM&quot;:&quot;&quot;,&quot;XS&quot;:&quot;&quot;}},&quot;margin-bottom&quot;:{&quot;shouldApplyDefaultMargins&quot;:{&quot;XL&quot;:false,&quot;LG&quot;:false,&quot;MD&quot;:false,&quot;SM&quot;:false,&quot;XS&quot;:false},&quot;parentVerticalAlign&quot;:{&quot;XL&quot;:&quot;&quot;,&quot;LG&quot;:&quot;&quot;,&quot;MD&quot;:&quot;&quot;,&quot;SM&quot;:&quot;&quot;,&quot;XS&quot;:&quot;&quot;}}}\">\n    \n    \n  <span class=\"u-icon u-icon-circle u-text-black u-block-2b91-3\" data-state=\"{&quot;margin-top&quot;:{&quot;shouldApplyDefaultMargins&quot;:{&quot;XL&quot;:false,&quot;LG&quot;:false,&quot;MD&quot;:false,&quot;SM&quot;:false,&quot;XS&quot;:false},&quot;parentVerticalAlign&quot;:{&quot;XL&quot;:&quot;&quot;,&quot;LG&quot;:&quot;&quot;,&quot;MD&quot;:&quot;&quot;,&quot;SM&quot;:&quot;&quot;,&quot;XS&quot;:&quot;&quot;}},&quot;margin-bottom&quot;:{&quot;shouldApplyDefaultMargins&quot;:{&quot;XL&quot;:false,&quot;LG&quot;:false,&quot;MD&quot;:false,&quot;SM&quot;:false,&quot;XS&quot;:false},&quot;parentVerticalAlign&quot;:{&quot;XL&quot;:&quot;&quot;,&quot;LG&quot;:&quot;&quot;,&quot;MD&quot;:&quot;&quot;,&quot;SM&quot;:&quot;&quot;,&quot;XS&quot;:&quot;&quot;}}}\" data-href=\"google.de\"><svg class=\"u-svg-link\" preserveAspectRatio=\"xMidYMin slice\" viewBox=\"0 0 512 512\" style=\"\"><use xmlns:xlink=\"http://www.w3.org/1999/xlink\" xlink:href=\"#svg-b7a4\"></use></svg><svg xmlns=\"http://www.w3.org/2000/svg\" xmlns:xlink=\"http://www.w3.org/1999/xlink\" version=\"1.1\" xml:space=\"preserve\" class=\"u-svg-content\" viewBox=\"0 0 512 512\" x=\"0px\" y=\"0px\" id=\"svg-b7a4\" style=\"enable-background:new 0 0 512 512;\"><rect y=\"85.331\" style=\"fill:#D80027;\" width=\"512\" height=\"341.337\"></rect><rect y=\"85.331\" width=\"512\" height=\"113.775\"></rect><rect y=\"312.882\" style=\"fill:#FFDA44;\" width=\"512\" height=\"113.775\"></rect></svg></span><span class=\"u-icon u-icon-circle u-text-black u-block-2b91-4\" data-state=\"{&quot;margin-top&quot;:{&quot;shouldApplyDefaultMargins&quot;:{&quot;XL&quot;:false,&quot;LG&quot;:false,&quot;MD&quot;:false,&quot;SM&quot;:false,&quot;XS&quot;:false},&quot;parentVerticalAlign&quot;:{&quot;XL&quot;:&quot;&quot;,&quot;LG&quot;:&quot;&quot;,&quot;MD&quot;:&quot;&quot;,&quot;SM&quot;:&quot;&quot;,&quot;XS&quot;:&quot;&quot;}},&quot;margin-bottom&quot;:{&quot;shouldApplyDefaultMargins&quot;:{&quot;XL&quot;:false,&quot;LG&quot;:false,&quot;MD&quot;:false,&quot;SM&quot;:false,&quot;XS&quot;:false},&quot;parentVerticalAlign&quot;:{&quot;XL&quot;:&quot;&quot;,&quot;LG&quot;:&quot;&quot;,&quot;MD&quot;:&quot;&quot;,&quot;SM&quot;:&quot;&quot;,&quot;XS&quot;:&quot;&quot;}}}\"><svg class=\"u-svg-link\" preserveAspectRatio=\"xMidYMin slice\" viewBox=\"0 0 512 512\" style=\"\"><use xmlns:xlink=\"http://www.w3.org/1999/xlink\" xlink:href=\"#svg-a29e\"></use></svg><svg xmlns=\"http://www.w3.org/2000/svg\" xmlns:xlink=\"http://www.w3.org/1999/xlink\" version=\"1.1\" xml:space=\"preserve\" class=\"u-svg-content\" viewBox=\"0 0 512 512\" x=\"0px\" y=\"0px\" id=\"svg-a29e\" style=\"enable-background:new 0 0 512 512;\"><path style=\"fill:#73AF00;\" d=\"M170.667,423.721H8.828c-4.875,0-8.828-3.953-8.828-8.828V97.1c0-4.875,3.953-8.828,8.828-8.828  h161.839V423.721z\"></path><rect x=\"170.67\" y=\"88.277\" style=\"fill:#F5F5F5;\" width=\"170.67\" height=\"335.45\"></rect><path style=\"fill:#FF4B55;\" d=\"M503.172,423.721H341.333V88.273h161.839c4.875,0,8.828,3.953,8.828,8.828v317.793  C512,419.77,508.047,423.721,503.172,423.721z\"></path></svg></span><span class=\"u-icon u-icon-circle u-text-palette-1-base u-block-2b91-5\" data-state=\"{&quot;margin-top&quot;:{&quot;shouldApplyDefaultMargins&quot;:{&quot;XL&quot;:false,&quot;LG&quot;:false,&quot;MD&quot;:false,&quot;SM&quot;:false,&quot;XS&quot;:false},&quot;parentVerticalAlign&quot;:{&quot;XL&quot;:&quot;&quot;,&quot;LG&quot;:&quot;&quot;,&quot;MD&quot;:&quot;&quot;,&quot;SM&quot;:&quot;&quot;,&quot;XS&quot;:&quot;&quot;}},&quot;margin-bottom&quot;:{&quot;shouldApplyDefaultMargins&quot;:{&quot;XL&quot;:false,&quot;LG&quot;:false,&quot;MD&quot;:false,&quot;SM&quot;:false,&quot;XS&quot;:false},&quot;parentVerticalAlign&quot;:{&quot;XL&quot;:&quot;&quot;,&quot;LG&quot;:&quot;&quot;,&quot;MD&quot;:&quot;&quot;,&quot;SM&quot;:&quot;&quot;,&quot;XS&quot;:&quot;&quot;}}}\"><svg class=\"u-svg-link\" preserveAspectRatio=\"xMidYMin slice\" viewBox=\"0 0 512 512\" style=\"\"><use xmlns:xlink=\"http://www.w3.org/1999/xlink\" xlink:href=\"#svg-7017\"></use></svg><svg xmlns=\"http://www.w3.org/2000/svg\" xmlns:xlink=\"http://www.w3.org/1999/xlink\" version=\"1.1\" xml:space=\"preserve\" class=\"u-svg-content\" viewBox=\"0 0 512 512\" x=\"0px\" y=\"0px\" id=\"svg-7017\" style=\"enable-background:new 0 0 512 512;\"><rect y=\"85.333\" style=\"fill:#F0F0F0;\" width=\"512\" height=\"341.337\"></rect><polygon style=\"fill:#D80027;\" points=\"288,85.33 224,85.33 224,223.996 0,223.996 0,287.996 224,287.996 224,426.662 288,426.662   288,287.996 512,287.996 512,223.996 288,223.996 \"></polygon><g>\n\t<polygon style=\"fill:#0052B4;\" points=\"393.785,315.358 512,381.034 512,315.358  \"></polygon>\n\t<polygon style=\"fill:#0052B4;\" points=\"311.652,315.358 512,426.662 512,395.188 368.307,315.358  \"></polygon>\n\t<polygon style=\"fill:#0052B4;\" points=\"458.634,426.662 311.652,344.998 311.652,426.662  \"></polygon>\n</g><polygon style=\"fill:#F0F0F0;\" points=\"311.652,315.358 512,426.662 512,395.188 368.307,315.358 \"></polygon><polygon style=\"fill:#D80027;\" points=\"311.652,315.358 512,426.662 512,395.188 368.307,315.358 \"></polygon><g>\n\t<polygon style=\"fill:#0052B4;\" points=\"90.341,315.356 0,365.546 0,315.356  \"></polygon>\n\t<polygon style=\"fill:#0052B4;\" points=\"200.348,329.51 200.348,426.661 25.491,426.661  \"></polygon>\n</g><polygon style=\"fill:#D80027;\" points=\"143.693,315.358 0,395.188 0,426.662 0,426.662 200.348,315.358 \"></polygon><g>\n\t<polygon style=\"fill:#0052B4;\" points=\"118.215,196.634 0,130.958 0,196.634  \"></polygon>\n\t<polygon style=\"fill:#0052B4;\" points=\"200.348,196.634 0,85.33 0,116.804 143.693,196.634  \"></polygon>\n\t<polygon style=\"fill:#0052B4;\" points=\"53.366,85.33 200.348,166.994 200.348,85.33  \"></polygon>\n</g><polygon style=\"fill:#F0F0F0;\" points=\"200.348,196.634 0,85.33 0,116.804 143.693,196.634 \"></polygon><polygon style=\"fill:#D80027;\" points=\"200.348,196.634 0,85.33 0,116.804 143.693,196.634 \"></polygon><g>\n\t<polygon style=\"fill:#0052B4;\" points=\"421.659,196.636 512,146.446 512,196.636  \"></polygon>\n\t<polygon style=\"fill:#0052B4;\" points=\"311.652,182.482 311.652,85.331 486.509,85.331  \"></polygon>\n</g><polygon style=\"fill:#D80027;\" points=\"368.307,196.634 512,116.804 512,85.33 512,85.33 311.652,196.634 \"></polygon></svg></span><h1 class=\"u-custom-font u-text u-title u-block-2b91-6\" data-state=\"{&quot;margin-top&quot;:{&quot;shouldApplyDefaultMargins&quot;:{&quot;XL&quot;:false,&quot;LG&quot;:false,&quot;MD&quot;:false,&quot;SM&quot;:false,&quot;XS&quot;:false},&quot;parentVerticalAlign&quot;:{&quot;XL&quot;:&quot;&quot;,&quot;LG&quot;:&quot;&quot;,&quot;MD&quot;:&quot;&quot;,&quot;SM&quot;:&quot;&quot;,&quot;XS&quot;:&quot;&quot;}},&quot;margin-bottom&quot;:{&quot;shouldApplyDefaultMargins&quot;:{&quot;XL&quot;:false,&quot;LG&quot;:false,&quot;MD&quot;:false,&quot;SM&quot;:false,&quot;XS&quot;:false},&quot;parentVerticalAlign&quot;:{&quot;XL&quot;:&quot;&quot;,&quot;LG&quot;:&quot;&quot;,&quot;MD&quot;:&quot;&quot;,&quot;SM&quot;:&quot;&quot;,&quot;XS&quot;:&quot;&quot;}}}\">Bar quello bello</h1></div>\n  <style data-mode=\"XL\" data-visited=\"true\">@media (min-width: 1200px){ .u-block-2b91-1 {background-image: none}\n.u-block-2b91-2 {min-height: 115px}\n.u-block-2b91-3 {height: 64px; width: 64px; margin-top: 23.4376px; margin-right: auto; margin-bottom: 0px; margin-left: 942.5px}\n.u-block-2b91-4 {height: 65px; width: 65px; margin-top: -65px; margin-right: auto; margin-bottom: 0px; margin-left: 861.5px}\n.u-block-2b91-5 {height: 64px; width: 64px; margin-top: -63.875px; margin-right: auto; margin-bottom: 0px; margin-left: 780.5px}\n.u-block-2b91-6 {font-family: Comfortaa; font-size: 4.5rem; margin-top: -71.5625px; margin-right: 406.5px; margin-bottom: 20.125px; margin-left: 133.5px} }</style>\n  <style data-mode=\"LG\">@media (max-width: 1199px) and (min-width: 992px){ .u-block-2b91-1 {background-image: none}\n.u-block-2b91-2 {min-height: 115px}\n.u-block-2b91-3 {height: 64px; width: 64px; margin-top: 23.4376px; margin-bottom: 0px; margin-left: 876px; margin-right: auto}\n.u-block-2b91-4 {height: 65px; width: 65px; margin-top: -65px; margin-right: auto; margin-bottom: 0px; margin-left: 862px}\n.u-block-2b91-5 {height: 64px; width: 64px; margin-top: -64px; margin-right: auto; margin-bottom: 0px; margin-left: 781px}\n.u-block-2b91-6 {font-family: Comfortaa; font-size: 4.5rem; margin-top: -72px; margin-right: 307px; margin-bottom: 20.125px; margin-left: 86px} }</style>\n  <style data-mode=\"MD\" data-visited=\"true\">@media (max-width: 991px) and (min-width: 768px){ .u-block-2b91-1 {background-image: none}\n.u-block-2b91-2 {min-height: 115px}\n.u-block-2b91-3 {height: 64px; width: 64px; margin-top: 23.4376px; margin-bottom: 0px; margin-left: 656px; margin-right: auto}\n.u-block-2b91-4 {height: 65px; width: 65px; margin-top: -65px; margin-right: 20px; margin-bottom: 0px; margin-left: 655px}\n.u-block-2b91-5 {height: 64px; width: 64px; margin-top: 20px; margin-right: 20px; margin-left: 656px; margin-bottom: 0px}\n.u-block-2b91-6 {font-family: Comfortaa; font-size: 4.5rem; margin-top: 20px; margin-right: 20px; margin-bottom: 20.125px; margin-left: auto} }</style>\n  <style data-mode=\"SM\">@media (max-width: 767px) and (min-width: 576px){ .u-block-2b91-1 {background-image: none}\n.u-block-2b91-2 {min-height: 115px}\n.u-block-2b91-3 {height: 64px; width: 64px; margin-top: 23.4376px; margin-bottom: 0px; margin-left: 476px; margin-right: auto}\n.u-block-2b91-4 {height: 65px; width: 65px; margin-top: -65px; margin-right: 20px; margin-bottom: 0px; margin-left: 475px}\n.u-block-2b91-5 {height: 64px; width: 64px; margin-top: 20px; margin-right: 20px; margin-bottom: 0px; margin-left: 476px}\n.u-block-2b91-6 {font-family: Comfortaa; font-size: 3.75rem; margin-top: 20px; margin-right: 0px; margin-bottom: 33.5627px; margin-left: 50px} }</style>\n  <style data-mode=\"XS\" data-visited=\"true\">@media (max-width: 575px){ .u-block-2b91-1 {background-image: none}\n.u-block-2b91-2 {min-height: 206px}\n.u-block-2b91-3 {height: 64px; width: 64px; margin-top: 98.2344px; margin-right: auto; margin-bottom: 0px; margin-left: 26px}\n.u-block-2b91-4 {height: 65px; width: 65px; margin-top: -65px; margin-left: auto; margin-right: auto; margin-bottom: 0px}\n.u-block-2b91-5 {height: 64px; width: 64px; margin-top: -64px; margin-right: 15px; margin-bottom: 0px; margin-left: auto}\n.u-block-2b91-6 {font-family: Comfortaa; font-size: 2.75rem; margin-top: -126.875px; margin-left: -50px; margin-right: -50px; margin-bottom: 60px} }</style>\n</section>","footerHtml":"<section class=\"u-align-center u-clearfix u-footer u-grey-80 u-block-cc73-1\" custom-posts-hash=\"T\" data-state=\"{&quot;min-height&quot;:{&quot;canCollapse&quot;:{&quot;XL&quot;:null,&quot;LG&quot;:null,&quot;MD&quot;:null,&quot;SM&quot;:null,&quot;XS&quot;:null}}}\" data-style=\"footer-1-text\" data-post-id=\"post10\" data-section-properties=\"{&quot;grid-spacing&quot;:&quot;30&quot;,&quot;spacingAdditional&quot;:&quot;none&quot;,&quot;align&quot;:&quot;&quot;,&quot;stretch&quot;:true}\" id=\"sec-d3e3\" data-source=\"\" data-id=\"cc73\">\n  <div class=\"u-clearfix u-sheet u-block-cc73-2\" data-state=\"{&quot;margin-top&quot;:{&quot;shouldApplyDefaultMargins&quot;:{&quot;XL&quot;:false,&quot;LG&quot;:false,&quot;MD&quot;:false,&quot;SM&quot;:false,&quot;XS&quot;:false},&quot;parentVerticalAlign&quot;:{&quot;XL&quot;:&quot;&quot;,&quot;LG&quot;:&quot;&quot;,&quot;MD&quot;:&quot;&quot;,&quot;SM&quot;:&quot;&quot;,&quot;XS&quot;:&quot;&quot;}},&quot;margin-bottom&quot;:{&quot;shouldApplyDefaultMargins&quot;:{&quot;XL&quot;:false,&quot;LG&quot;:false,&quot;MD&quot;:false,&quot;SM&quot;:false,&quot;XS&quot;:false},&quot;parentVerticalAlign&quot;:{&quot;XL&quot;:&quot;&quot;,&quot;LG&quot;:&quot;&quot;,&quot;MD&quot;:&quot;&quot;,&quot;SM&quot;:&quot;&quot;,&quot;XS&quot;:&quot;&quot;}}}\">\n    <p class=\"u-small-text u-text u-text-variant u-block-cc73-6\" data-state=\"{&quot;margin-top&quot;:{&quot;shouldApplyDefaultMargins&quot;:{&quot;XL&quot;:false,&quot;LG&quot;:false,&quot;MD&quot;:false,&quot;SM&quot;:false,&quot;XS&quot;:false},&quot;parentVerticalAlign&quot;:{&quot;XL&quot;:&quot;&quot;,&quot;LG&quot;:&quot;&quot;,&quot;MD&quot;:&quot;&quot;,&quot;SM&quot;:&quot;&quot;,&quot;XS&quot;:&quot;&quot;}},&quot;margin-bottom&quot;:{&quot;shouldApplyDefaultMargins&quot;:{&quot;XL&quot;:false,&quot;LG&quot;:false,&quot;MD&quot;:false,&quot;SM&quot;:false,&quot;XS&quot;:false},&quot;parentVerticalAlign&quot;:{&quot;XL&quot;:&quot;&quot;,&quot;LG&quot;:&quot;&quot;,&quot;MD&quot;:&quot;&quot;,&quot;SM&quot;:&quot;&quot;,&quot;XS&quot;:&quot;&quot;}}}\">Testo  di Prova. Lorem ipsum dolor sit amet, consectetur adipiscing elit nullam nunc justo sagittis suscipit ultrices.</p>\n  </div>\n  <style data-mode=\"XL\" data-visited=\"true\">@media (min-width: 1200px){ .u-block-cc73-1 {background-image: none}\n.u-block-cc73-2 {min-height: 120px}\n.u-block-cc73-6 {width: 417px; margin-top: 49px; margin-bottom: 49px; margin-left: auto; margin-right: auto} }</style>\n  <style data-mode=\"LG\">@media (max-width: 1199px) and (min-width: 992px){ .u-block-cc73-1 {background-image: none}\n.u-block-cc73-2 {min-height: 99px}\n.u-block-cc73-6 {width: 417px; margin-top: 49px; margin-bottom: 49px; margin-left: auto; margin-right: auto} }</style>\n  <style data-mode=\"MD\">@media (max-width: 991px) and (min-width: 768px){ .u-block-cc73-1 {background-image: none}\n.u-block-cc73-2 {min-height: 76px}\n.u-block-cc73-6 {width: 417px; margin-top: 49px; margin-bottom: 49px; margin-left: auto; margin-right: auto} }</style>\n  <style data-mode=\"SM\">@media (max-width: 767px) and (min-width: 576px){ .u-block-cc73-1 {background-image: none}\n.u-block-cc73-2 {min-height: 57px}\n.u-block-cc73-6 {width: 417px; margin-top: 49px; margin-bottom: 49px; margin-left: auto; margin-right: auto} }</style>\n  <style data-mode=\"XS\" data-visited=\"true\">@media (max-width: 575px){ .u-block-cc73-1 {background-image: none}\n.u-block-cc73-2 {min-height: 164px}\n.u-block-cc73-6 {margin-top: 16px; margin-left: 0px; margin-right: 0px; margin-bottom: 60px; width: 340px} }</style>\n</section>","hideBacklink":null,"homePageId":570011083,"dateUpdated":1604257407275,"settings":"{\"title\":\"Site1\",\"homePageId\":\"570011083\",\"description\":\"\",\"keywords\":\"\",\"analytics\":\"\",\"googleTagManager\":\"\",\"googleOptimizeId\":\"\",\"captchaSiteKey\":\"\",\"captchaSecretKey\":\"\",\"metaTags\":\"\",\"headHtml\":\"\",\"customCss\":\"\",\"themeAuthor\":\"\",\"themeAuthorUrl\":\"\",\"themeVersion\":\"1.0\",\"themeUrl\":\"\",\"themeTags\":\"left-sidebar, right-sidebar, custom-background, custom-colors, blog\",\"themeDescription\":\"Nicepage-generated theme\",\"showBrand\":\"true\",\"favicon\":\"\",\"whiteLabelTitle\":\"Nicepage\",\"whiteLabelLogoSmall\":\"\",\"whiteLabelLogoBig\":\"\",\"whiteLabelAuthor\":\"Nicepage https://www.nicepage.com\",\"whiteLabelAuthorUrl\":\"https://nicepage.com/\",\"whiteLabelDescription\":\"Design websites with any images and texts in seconds!\",\"themeThumbnail\":\"\",\"cookies\":\"true\",\"cookieConfirmCode\":\"\",\"embedFonts\":\"true\",\"lazyLoading\":\"false\",\"lang\":\"\",\"country\":\"\",\"analyticsCode\":\"\",\"captchaScript\":\"\",\"colorScheme\":{\"bodyColors\":[\"#111111\",\"#ffffff\"],\"bgColor\":\"#ffffff\",\"colors\":[\"#478ac9\",\"#db545a\",\"#f1c50e\",\"#2cccc4\",\"#b9c1cc\"],\"customColors\":[{\"color\":\"#f50050\",\"status\":0,\"transparency\":1}],\"shadingContrast\":\"body-alt-color\",\"whiteContrast\":\"body-color\",\"bgContrast\":\"body-color\",\"name\":\"u10\"},\"fontScheme\":{\"name\":\"Roboto-OpenSans\",\"default\":true,\"isDefault\":true,\"fonts\":{\"heading\":\"Roboto, sans-serif\",\"text\":\"Open Sans, sans-serif\",\"accent\":\"Arial, sans-serif\",\"headingTitle\":\"Roboto\",\"textTitle\":\"Open Sans\"}},\"typography\":{\"name\":\"custom-page-typography-1\",\"title\":{\"font-weight\":\"400\",\"font-size\":4.5,\"line-height\":\"1_1\",\"margin-top\":20,\"margin-bottom\":20,\"SM\":{\"font-size\":3.75},\"XS\":{\"font-size\":3}},\"subtitle\":{\"font-weight\":\"400\",\"font-size\":2.25,\"line-height\":\"1_1\",\"margin-top\":20,\"margin-bottom\":20,\"XS\":{\"font-size\":1.5}},\"h1\":{\"font-weight\":\"400\",\"font-size\":3,\"line-height\":\"1_1\",\"margin-top\":20,\"margin-bottom\":20,\"XS\":{\"font-size\":2.25}},\"h2\":{\"font-weight\":\"400\",\"font-size\":2.25,\"line-height\":\"1_1\",\"margin-top\":20,\"margin-bottom\":20,\"XS\":{\"font-size\":1.5}},\"h3\":{\"font-weight\":\"400\",\"font-size\":1.875,\"line-height\":\"1_2\",\"margin-top\":20,\"margin-bottom\":20,\"XS\":{\"font-size\":1.5}},\"h4\":{\"font-weight\":\"400\",\"font-size\":1.5,\"line-height\":\"1_2\",\"margin-top\":20,\"margin-bottom\":20},\"h5\":{\"font-weight\":\"400\",\"font-size\":1.25,\"line-height\":\"1_2\",\"margin-top\":20,\"margin-bottom\":20},\"h6\":{\"font-weight\":\"400\",\"font-size\":1.125,\"line-height\":\"1_2\",\"margin-top\":20,\"margin-bottom\":20},\"largeText\":{\"font-size\":1.25,\"margin-top\":20,\"margin-bottom\":20},\"smallText\":{\"font-size\":0.875,\"margin-top\":20,\"margin-bottom\":20},\"text\":{\"margin-top\":20,\"margin-bottom\":20,\"font-size\":0,\"font-weight\":\"\",\"font-style\":\"\",\"text-decoration\":\"\",\"text-transform\":\"\",\"line-height\":1.6,\"letter-spacing\":\"\",\"text-color\":\"\",\"border-color\":\"\",\"border-style\":\"\",\"color\":\"\",\"border\":\"\",\"button-shape\":\"\",\"border-radius\":\"\",\"underline\":\"\",\"gradient\":\"\",\"list-icon-src\":\"\",\"list-icon-spacing\":\"0.3\",\"list-icon-size\":\"0.8\",\"font\":\"Open Sans, sans-serif\"},\"hyperlink\":{\"text-color\":\"palette-1-base\"},\"link\":{},\"button\":{\"color\":\"palette-1-base\",\"margin-top\":20,\"margin-bottom\":20},\"blockquote\":{\"font-style\":\"italic\",\"indent\":20,\"border\":4,\"border-color\":\"palette-1-base\",\"margin-top\":20,\"margin-bottom\":20},\"metadata\":{\"margin-top\":20,\"margin-bottom\":20},\"list\":{\"margin-top\":20,\"margin-bottom\":20},\"orderedlist\":{\"margin-top\":20,\"margin-bottom\":20},\"postContent\":{\"margin-top\":20,\"margin-bottom\":20},\"theme\":{\"gradient\":\"\",\"image\":\"\"},\"htmlBaseSize\":16},\"backToTop\":\"<span style=\\\"height: 64px; width: 64px; margin-left: 0px; margin-right: auto; margin-top: 0px; background-image: none; right: 20px; bottom: 20px\\\" class=\\\"u-back-to-top u-icon u-icon-circle u-opacity u-opacity-85 u-palette-4-light-1 u-spacing-15\\\" data-href=\\\"#\\\">\\n        <svg class=\\\"u-svg-link\\\" preserveAspectRatio=\\\"xMidYMin slice\\\" viewBox=\\\"0 0 551.13 551.13\\\">\\n            <use xmlns:xlink=\\\"http://www.w3.org/1999/xlink\\\" xlink:href=\\\"#svg-1d98\\\"></use>\\n        </svg>\\n        <svg class=\\\"u-svg-content\\\" enable-background=\\\"new 0 0 551.13 551.13\\\" viewBox=\\\"0 0 551.13 551.13\\\" xmlns=\\\"http://www.w3.org/2000/svg\\\" id=\\\"svg-1d98\\\">\\n            <path d=\\\"m275.565 189.451 223.897 223.897h51.668l-275.565-275.565-275.565 275.565h51.668z\\\"></path>\\n        </svg>\\n    </span>\",\"cookiesSection\":\"<section class=\\\"u-align-center u-block-0eb6-1 u-clearfix u-cookies-consent u-grey-80\\\" custom-posts-hash=\\\"T\\\" style=\\\"background-image: none\\\" data-post-id=\\\"1\\\" data-section-properties=\\\"{&quot;stretch&quot;:true}\\\" data-id=\\\"0eb6\\\" data-posts-content=\\\"[{'images':[],'maps':[],'videos':[],'icons':[],'textWidth':874,'textHeight':152,'id':1,'headingProp':'h3','textProp':'text'}]\\\" data-style=\\\"cookie-1\\\" id=\\\"sec-f912\\\" data-source=\\\"\\\">\\n  <div class=\\\"u-block-0eb6-2 u-clearfix u-sheet u-valign-middle\\\" style=\\\"min-height: 212px\\\" data-state=\\\"{&quot;margin-top&quot;:{&quot;shouldApplyDefaultMargins&quot;:{&quot;XL&quot;:false,&quot;LG&quot;:false,&quot;MD&quot;:false,&quot;SM&quot;:false,&quot;XS&quot;:false},&quot;parentVerticalAlign&quot;:{&quot;XL&quot;:&quot;middle&quot;,&quot;LG&quot;:&quot;middle&quot;,&quot;MD&quot;:&quot;middle&quot;,&quot;SM&quot;:&quot;middle&quot;,&quot;XS&quot;:&quot;middle&quot;}},&quot;margin-bottom&quot;:{&quot;shouldApplyDefaultMargins&quot;:{&quot;XL&quot;:false,&quot;LG&quot;:false,&quot;MD&quot;:false,&quot;SM&quot;:false,&quot;XS&quot;:false},&quot;parentVerticalAlign&quot;:{&quot;XL&quot;:&quot;middle&quot;,&quot;LG&quot;:&quot;middle&quot;,&quot;MD&quot;:&quot;middle&quot;,&quot;SM&quot;:&quot;middle&quot;,&quot;XS&quot;:&quot;middle&quot;}}}\\\" data-height-lg=\\\"158\\\" data-height-md=\\\"131\\\" data-height-sm=\\\"106\\\" data-height-xs=\\\"225\\\">\\n    <div class=\\\"u-block-0eb6-7 u-clearfix u-expanded-width u-layout-wrap\\\" style=\\\"margin-top: 30px; margin-bottom: 30px\\\" data-state=\\\"{&quot;margin-top&quot;:{&quot;shouldApplyDefaultMargins&quot;:{&quot;XL&quot;:false,&quot;LG&quot;:false,&quot;MD&quot;:false,&quot;SM&quot;:true,&quot;XS&quot;:true},&quot;parentVerticalAlign&quot;:{&quot;XL&quot;:&quot;middle&quot;,&quot;LG&quot;:&quot;middle&quot;,&quot;MD&quot;:&quot;middle&quot;,&quot;SM&quot;:&quot;middle&quot;,&quot;XS&quot;:&quot;middle&quot;}},&quot;margin-bottom&quot;:{&quot;shouldApplyDefaultMargins&quot;:{&quot;XL&quot;:false,&quot;LG&quot;:false,&quot;MD&quot;:false,&quot;SM&quot;:true,&quot;XS&quot;:true},&quot;parentVerticalAlign&quot;:{&quot;XL&quot;:&quot;middle&quot;,&quot;LG&quot;:&quot;middle&quot;,&quot;MD&quot;:&quot;middle&quot;,&quot;SM&quot;:&quot;middle&quot;,&quot;XS&quot;:&quot;middle&quot;}}}\\\">\\n      <div class=\\\"u-gutter-0 u-layout\\\">\\n        <div class=\\\"u-layout-row\\\">\\n          <div class=\\\"u-block-0eb6-8 u-container-style u-layout-cell u-left-cell u-size-43-md u-size-43-sm u-size-43-xs u-size-46-lg u-size-46-xl\\\" style=\\\"min-height: 152px\\\" data-state=\\\"{&quot;min-height&quot;:{&quot;expandedParent&quot;:{&quot;XL&quot;:true,&quot;LG&quot;:true,&quot;MD&quot;:true,&quot;SM&quot;:true,&quot;XS&quot;:true},&quot;cellMultiplier&quot;:{&quot;XL&quot;:1,&quot;LG&quot;:1,&quot;MD&quot;:0.9347826086956521,&quot;SM&quot;:1.3953488372093024,&quot;XS&quot;:1},&quot;canCollapse&quot;:{&quot;XL&quot;:false,&quot;LG&quot;:false,&quot;MD&quot;:true,&quot;SM&quot;:true,&quot;XS&quot;:true}}}\\\">\\n            <div class=\\\"u-block-0eb6-9 u-container-layout u-valign-middle\\\" style=\\\"padding-top: 30px; padding-bottom: 30px; padding-left: 60px; padding-right: 60px\\\" data-state=\\\"{&quot;min-height&quot;:{&quot;canCollapse&quot;:{&quot;XL&quot;:false,&quot;LG&quot;:false,&quot;MD&quot;:false,&quot;SM&quot;:false,&quot;XS&quot;:false}}}\\\">\\n              <h3 class=\\\"u-block-0eb6-6 u-text u-text-default\\\" style=\\\"margin-top: 0px; margin-right: 20px; margin-bottom: 0px;\\\">Cookies &amp; Privacy</h3>\\n              <p class=\\\"u-block-0eb6-5 u-text u-text-default\\\" style=\\\"margin: 8px 20px 0px 0px;\\\">This website uses cookies to ensure you get the best experience on our website.</p>\\n            </div>\\n          </div>\\n          <div class=\\\"u-align-left u-block-0eb6-10 u-container-style u-layout-cell u-right-cell u-size-14-lg u-size-14-xl u-size-17-md u-size-17-sm u-size-17-xs\\\" style=\\\"min-height: 152px\\\" data-state=\\\"{&quot;min-height&quot;:{&quot;expandedParent&quot;:{&quot;XL&quot;:true,&quot;LG&quot;:true,&quot;MD&quot;:true,&quot;SM&quot;:true,&quot;XS&quot;:true},&quot;cellMultiplier&quot;:{&quot;XL&quot;:1,&quot;LG&quot;:1,&quot;MD&quot;:1.2142857142857142,&quot;SM&quot;:3.5294117647058822,&quot;XS&quot;:1},&quot;canCollapse&quot;:{&quot;XL&quot;:false,&quot;LG&quot;:false,&quot;MD&quot;:true,&quot;SM&quot;:true,&quot;XS&quot;:true}}}\\\">\\n            <div class=\\\"u-block-0eb6-11 u-container-layout u-valign-middle-lg u-valign-middle-md u-valign-middle-xl u-valign-top-sm u-valign-top-xs\\\" style=\\\"padding-top: 30px; padding-bottom: 30px; padding-left: 30px; padding-right: 30px\\\" data-state=\\\"{&quot;min-height&quot;:{&quot;canCollapse&quot;:{&quot;XL&quot;:false,&quot;LG&quot;:false,&quot;MD&quot;:false,&quot;SM&quot;:false,&quot;XS&quot;:false}}}\\\">\\n              <a href=\\\"###\\\" class=\\\"u-block-0eb6-3 u-btn u-button-confirm u-button-style u-palette-1-base\\\" style=\\\"margin-top: 0px; margin-right: auto; margin-bottom: 0px; margin-left: 0px\\\">Confirm</a>\\n            </div>\\n          </div>\\n        </div>\\n      </div>\\n    </div>\\n  </div>\\n  <style data-mode=\\\"XL\\\">@media (max-width: 0px) { .u-block-0eb6-1 {background-image: none}\\n.u-block-0eb6-2 {min-height: 212px}\\n.u-block-0eb6-7 {margin-top: 30px; margin-bottom: 30px}\\n.u-block-0eb6-8 {min-height: 152px}\\n.u-block-0eb6-9 {padding-top: 30px; padding-bottom: 30px; padding-left: 60px; padding-right: 60px}\\n.u-block-0eb6-6 {margin-top: 0px; margin-right: 20px; margin-bottom: 0px}\\n.u-block-0eb6-5 {margin-top: 8px; margin-right: 20px; margin-bottom: 0px; margin-left: 0px}\\n.u-block-0eb6-10 {min-height: 152px}\\n.u-block-0eb6-11 {padding-top: 30px; padding-bottom: 30px; padding-left: 30px; padding-right: 30px}\\n.u-block-0eb6-3 {margin-top: 0px; margin-right: auto; margin-bottom: 0px; margin-left: 0px} }</style>\\n  <style data-mode=\\\"LG\\\">@media (max-width: 0px) { .u-block-0eb6-1 {background-image: none}\\n.u-block-0eb6-2 {min-height: 131px}\\n.u-block-0eb6-7 {margin-top: 30px; margin-bottom: 30px}\\n.u-block-0eb6-8 {min-height: 125px}\\n.u-block-0eb6-9 {padding-top: 30px; padding-bottom: 30px; padding-left: 60px; padding-right: 60px}\\n.u-block-0eb6-6 {margin-top: 0px; margin-right: 0px; margin-bottom: 0px}\\n.u-block-0eb6-5 {margin-top: 8px; margin-right: 0px; margin-bottom: 0px; margin-left: 0px}\\n.u-block-0eb6-10 {min-height: 125px}\\n.u-block-0eb6-11 {padding-top: 30px; padding-bottom: 30px; padding-left: 30px; padding-right: 30px}\\n.u-block-0eb6-3 {margin-top: 0px; margin-right: auto; margin-bottom: 0px; margin-left: 0px} }</style>\\n  <style data-mode=\\\"MD\\\" data-visited=\\\"true\\\">@media (max-width: 0px) { .u-block-0eb6-1 {background-image: none}\\n.u-block-0eb6-2 {min-height: 106px}\\n.u-block-0eb6-7 {margin-top: 30px; margin-bottom: 30px}\\n.u-block-0eb6-8 {min-height: 100px}\\n.u-block-0eb6-9 {padding-top: 30px; padding-bottom: 30px; padding-left: 30px; padding-right: 30px}\\n.u-block-0eb6-6 {margin-top: 0px; margin-right: 0px; margin-bottom: 0px}\\n.u-block-0eb6-5 {margin-top: 8px; margin-right: 0px; margin-bottom: 0px; margin-left: 0px}\\n.u-block-0eb6-10 {min-height: 100px}\\n.u-block-0eb6-11 {padding-top: 30px; padding-bottom: 30px; padding-left: 30px; padding-right: 30px}\\n.u-block-0eb6-3 {margin-top: 0px; margin-right: auto; margin-bottom: 0px; margin-left: 0px} }</style>\\n  <style data-mode=\\\"SM\\\" data-visited=\\\"true\\\">@media (max-width: 0px) { .u-block-0eb6-1 {background-image: none}\\n.u-block-0eb6-2 {min-height: 225px}\\n.u-block-0eb6-7 {margin-top: 30px; margin-bottom: 30px}\\n.u-block-0eb6-8 {min-height: 154px}\\n.u-block-0eb6-9 {padding-top: 30px; padding-left: 10px; padding-right: 10px; padding-bottom: 20px}\\n.u-block-0eb6-6 {margin-top: 0px; margin-right: 0px; margin-bottom: 0px}\\n.u-block-0eb6-5 {margin-top: 8px; margin-right: 0px; margin-bottom: 0px; margin-left: 0px}\\n.u-block-0eb6-10 {min-height: 65px}\\n.u-block-0eb6-11 {padding-top: 10px; padding-bottom: 10px; padding-left: 10px; padding-right: 10px}\\n.u-block-0eb6-3 {margin-top: 0px; margin-right: auto; margin-bottom: 0px; margin-left: 0px} }</style>\\n  <style data-mode=\\\"XS\\\" data-visited=\\\"true\\\">@media (max-width: 0px) { .u-block-0eb6-1 {background-image: none}\\n.u-block-0eb6-2 {min-height: 121px}\\n.u-block-0eb6-7 {margin-top: 30px; margin-bottom: 30px}\\n.u-block-0eb6-8 {min-height: 100px}\\n.u-block-0eb6-9 {padding-top: 30px; padding-bottom: 20px; padding-left: 10px; padding-right: 10px}\\n.u-block-0eb6-6 {margin-top: 0px; margin-right: 0px; margin-bottom: 0px}\\n.u-block-0eb6-5 {margin-top: 8px; margin-right: 0px; margin-bottom: 0px; margin-left: 0px}\\n.u-block-0eb6-10 {min-height: 15px}\\n.u-block-0eb6-11 {padding-top: 10px; padding-bottom: 10px; padding-left: 10px; padding-right: 10px}\\n.u-block-0eb6-3 {margin-top: 0px; margin-right: auto; margin-bottom: 0px; margin-left: 0px} }</style>\\n</section>\",\"id\":580606690}","title":"Site1","siteStyleCss":"<style id=\"color-scheme\" color-scheme=\"u10\" color-style=\"multicolor-1\">.u-body {\n--none: transparent;\n--none-darker: transparent;\n--none-r: 255;\n--none-g: 255;\n--none-b: 255;\n--none-contrast: body-color;\n--none-contrast-darker: body-color;\n--none-text-color: var(--body-color);\n--custom-color-1: #f50050;\n--custom-color-1-darker: #dd0048;\n--custom-color-1-r: 245;\n--custom-color-1-g: 0;\n--custom-color-1-b: 80;\n--custom-color-1-contrast: white;\n--custom-color-1-contrast-darker: white;\n--custom-color-1-text-color: var(--body-alt-color);\n--body-color: #111111;\n--body-color-darker: #0f0f0f;\n--body-color-r: 17;\n--body-color-g: 17;\n--body-color-b: 17;\n--body-color-contrast: white;\n--body-color-contrast-darker: white;\n--body-color-text-color: var(--body-alt-color);\n--body-alt-color: #ffffff;\n--body-alt-color-darker: #e6e6e6;\n--body-alt-color-r: 255;\n--body-alt-color-g: 255;\n--body-alt-color-b: 255;\n--body-alt-color-contrast: black;\n--body-alt-color-contrast-darker: black;\n--body-alt-color-text-color: var(--body-color);\n--bg-color: #ffffff;\n--bg-color-darker: #e6e6e6;\n--bg-color-r: 255;\n--bg-color-g: 255;\n--bg-color-b: 255;\n--bg-color-contrast: black;\n--bg-color-contrast-darker: black;\n--bg-color-text-color: var(--body-color);\n--palette-1-base: #478ac9;\n--palette-1-base-darker: #387cbd;\n--palette-1-base-r: 71;\n--palette-1-base-g: 138;\n--palette-1-base-b: 201;\n--palette-1-base-contrast: white;\n--palette-1-base-contrast-darker: white;\n--palette-1-base-text-color: var(--body-alt-color);\n--palette-1-dark-3: #292e33;\n--palette-1-dark-3-darker: #25292e;\n--palette-1-dark-3-r: 41;\n--palette-1-dark-3-g: 46;\n--palette-1-dark-3-b: 51;\n--palette-1-dark-3-contrast: white;\n--palette-1-dark-3-contrast-darker: white;\n--palette-1-dark-3-text-color: var(--body-alt-color);\n--palette-1-dark-2: #425465;\n--palette-1-dark-2-darker: #3b4c5b;\n--palette-1-dark-2-r: 66;\n--palette-1-dark-2-g: 84;\n--palette-1-dark-2-b: 101;\n--palette-1-dark-2-contrast: white;\n--palette-1-dark-2-contrast-darker: white;\n--palette-1-dark-2-text-color: var(--body-alt-color);\n--palette-1-dark-1: #4c7397;\n--palette-1-dark-1-darker: #446888;\n--palette-1-dark-1-r: 76;\n--palette-1-dark-1-g: 115;\n--palette-1-dark-1-b: 151;\n--palette-1-dark-1-contrast: white;\n--palette-1-dark-1-contrast-darker: white;\n--palette-1-dark-1-text-color: var(--body-alt-color);\n--palette-1: #478ac9;\n--palette-1-darker: #387cbd;\n--palette-1-r: 71;\n--palette-1-g: 138;\n--palette-1-b: 201;\n--palette-1-contrast: white;\n--palette-1-contrast-darker: white;\n--palette-1-text-color: var(--body-alt-color);\n--palette-1-light-1: #77aad9;\n--palette-1-light-1-darker: #5d9ad2;\n--palette-1-light-1-r: 119;\n--palette-1-light-1-g: 170;\n--palette-1-light-1-b: 217;\n--palette-1-light-1-contrast: white;\n--palette-1-light-1-contrast-darker: white;\n--palette-1-light-1-text-color: var(--body-alt-color);\n--palette-1-light-2: #adcce9;\n--palette-1-light-2-darker: #8db8e0;\n--palette-1-light-2-r: 173;\n--palette-1-light-2-g: 204;\n--palette-1-light-2-b: 233;\n--palette-1-light-2-contrast: black;\n--palette-1-light-2-contrast-darker: white;\n--palette-1-light-2-text-color: var(--body-color);\n--palette-1-light-3: #e9f2fa;\n--palette-1-light-3-darker: #c2dbf1;\n--palette-1-light-3-r: 233;\n--palette-1-light-3-g: 242;\n--palette-1-light-3-b: 250;\n--palette-1-light-3-contrast: black;\n--palette-1-light-3-contrast-darker: black;\n--palette-1-light-3-text-color: var(--body-color);\n--palette-2-base: #db545a;\n--palette-2-base-darker: #d63b42;\n--palette-2-base-r: 219;\n--palette-2-base-g: 84;\n--palette-2-base-b: 90;\n--palette-2-base-contrast: white;\n--palette-2-base-contrast-darker: white;\n--palette-2-base-text-color: var(--body-alt-color);\n--palette-2-dark-3: #332929;\n--palette-2-dark-3-darker: #2e2525;\n--palette-2-dark-3-r: 51;\n--palette-2-dark-3-g: 41;\n--palette-2-dark-3-b: 41;\n--palette-2-dark-3-contrast: white;\n--palette-2-dark-3-contrast-darker: white;\n--palette-2-dark-3-text-color: var(--body-alt-color);\n--palette-2-dark-2: #6b4748;\n--palette-2-dark-2-darker: #604041;\n--palette-2-dark-2-r: 107;\n--palette-2-dark-2-g: 71;\n--palette-2-dark-2-b: 72;\n--palette-2-dark-2-contrast: white;\n--palette-2-dark-2-contrast-darker: white;\n--palette-2-dark-2-text-color: var(--body-alt-color);\n--palette-2-dark-1: #a35559;\n--palette-2-dark-1-darker: #934c50;\n--palette-2-dark-1-r: 163;\n--palette-2-dark-1-g: 85;\n--palette-2-dark-1-b: 89;\n--palette-2-dark-1-contrast: white;\n--palette-2-dark-1-contrast-darker: white;\n--palette-2-dark-1-text-color: var(--body-alt-color);\n--palette-2: #db545a;\n--palette-2-darker: #d63b42;\n--palette-2-r: 219;\n--palette-2-g: 84;\n--palette-2-b: 90;\n--palette-2-contrast: white;\n--palette-2-contrast-darker: white;\n--palette-2-text-color: var(--body-alt-color);\n--palette-2-light-1: #e68387;\n--palette-2-light-1-darker: #e0656a;\n--palette-2-light-1-r: 230;\n--palette-2-light-1-g: 131;\n--palette-2-light-1-b: 135;\n--palette-2-light-1-contrast: white;\n--palette-2-light-1-contrast-darker: white;\n--palette-2-light-1-text-color: var(--body-alt-color);\n--palette-2-light-2: #f1b5b8;\n--palette-2-light-2-darker: #ea9296;\n--palette-2-light-2-r: 241;\n--palette-2-light-2-g: 181;\n--palette-2-light-2-b: 184;\n--palette-2-light-2-contrast: black;\n--palette-2-light-2-contrast-darker: white;\n--palette-2-light-2-text-color: var(--body-color);\n--palette-2-light-3: #fbeced;\n--palette-2-light-3-darker: #f3c4c7;\n--palette-2-light-3-r: 251;\n--palette-2-light-3-g: 236;\n--palette-2-light-3-b: 237;\n--palette-2-light-3-contrast: black;\n--palette-2-light-3-contrast-darker: black;\n--palette-2-light-3-text-color: var(--body-color);\n--palette-3-base: #f1c50e;\n--palette-3-base-darker: #d9b10d;\n--palette-3-base-r: 241;\n--palette-3-base-g: 197;\n--palette-3-base-b: 14;\n--palette-3-base-contrast: black;\n--palette-3-base-contrast-darker: white;\n--palette-3-base-text-color: var(--body-color);\n--palette-3-dark-3: #333129;\n--palette-3-dark-3-darker: #2e2c25;\n--palette-3-dark-3-r: 51;\n--palette-3-dark-3-g: 49;\n--palette-3-dark-3-b: 41;\n--palette-3-dark-3-contrast: white;\n--palette-3-dark-3-contrast-darker: white;\n--palette-3-dark-3-text-color: var(--body-alt-color);\n--palette-3-dark-2: #72683f;\n--palette-3-dark-2-darker: #675e39;\n--palette-3-dark-2-r: 114;\n--palette-3-dark-2-g: 104;\n--palette-3-dark-2-b: 63;\n--palette-3-dark-2-contrast: white;\n--palette-3-dark-2-contrast-darker: white;\n--palette-3-dark-2-text-color: var(--body-alt-color);\n--palette-3-dark-1: #b29a36;\n--palette-3-dark-1-darker: #a08b31;\n--palette-3-dark-1-r: 178;\n--palette-3-dark-1-g: 154;\n--palette-3-dark-1-b: 54;\n--palette-3-dark-1-contrast: white;\n--palette-3-dark-1-contrast-darker: white;\n--palette-3-dark-1-text-color: var(--body-alt-color);\n--palette-3: #f1c50e;\n--palette-3-darker: #d9b10d;\n--palette-3-r: 241;\n--palette-3-g: 197;\n--palette-3-b: 14;\n--palette-3-contrast: black;\n--palette-3-contrast-darker: white;\n--palette-3-text-color: var(--body-color);\n--palette-3-light-1: #f5d654;\n--palette-3-light-1-darker: #f3cf35;\n--palette-3-light-1-r: 245;\n--palette-3-light-1-g: 214;\n--palette-3-light-1-b: 84;\n--palette-3-light-1-contrast: black;\n--palette-3-light-1-contrast-darker: black;\n--palette-3-light-1-text-color: var(--body-color);\n--palette-3-light-2: #f9e79b;\n--palette-3-light-2-darker: #f7de75;\n--palette-3-light-2-r: 249;\n--palette-3-light-2-g: 231;\n--palette-3-light-2-b: 155;\n--palette-3-light-2-contrast: black;\n--palette-3-light-2-contrast-darker: black;\n--palette-3-light-2-text-color: var(--body-color);\n--palette-3-light-3: #fef9e6;\n--palette-3-light-3-darker: #fceeb7;\n--palette-3-light-3-r: 254;\n--palette-3-light-3-g: 249;\n--palette-3-light-3-b: 230;\n--palette-3-light-3-contrast: black;\n--palette-3-light-3-contrast-darker: black;\n--palette-3-light-3-text-color: var(--body-color);\n--palette-4-base: #2cccc4;\n--palette-4-base-darker: #28b8b0;\n--palette-4-base-r: 44;\n--palette-4-base-g: 204;\n--palette-4-base-b: 196;\n--palette-4-base-contrast: white;\n--palette-4-base-contrast-darker: white;\n--palette-4-base-text-color: var(--body-alt-color);\n--palette-4-dark-3: #293332;\n--palette-4-dark-3-darker: #252e2d;\n--palette-4-dark-3-r: 41;\n--palette-4-dark-3-g: 51;\n--palette-4-dark-3-b: 50;\n--palette-4-dark-3-contrast: white;\n--palette-4-dark-3-contrast-darker: white;\n--palette-4-dark-3-text-color: var(--body-alt-color);\n--palette-4-dark-2: #41807c;\n--palette-4-dark-2-darker: #3a7370;\n--palette-4-dark-2-r: 65;\n--palette-4-dark-2-g: 128;\n--palette-4-dark-2-b: 124;\n--palette-4-dark-2-contrast: white;\n--palette-4-dark-2-contrast-darker: white;\n--palette-4-dark-2-text-color: var(--body-alt-color);\n--palette-4-dark-1: #2cccc4;\n--palette-4-dark-1-darker: #28b8b0;\n--palette-4-dark-1-r: 44;\n--palette-4-dark-1-g: 204;\n--palette-4-dark-1-b: 196;\n--palette-4-dark-1-contrast: white;\n--palette-4-dark-1-contrast-darker: white;\n--palette-4-dark-1-text-color: var(--body-alt-color);\n--palette-4: #3be8e0;\n--palette-4-darker: #21e5dc;\n--palette-4-r: 59;\n--palette-4-g: 232;\n--palette-4-b: 224;\n--palette-4-contrast: black;\n--palette-4-contrast-darker: black;\n--palette-4-text-color: var(--body-color);\n--palette-4-light-1: #72efe9;\n--palette-4-light-1-darker: #52ebe4;\n--palette-4-light-1-r: 114;\n--palette-4-light-1-g: 239;\n--palette-4-light-1-b: 233;\n--palette-4-light-1-contrast: black;\n--palette-4-light-1-contrast-darker: black;\n--palette-4-light-1-text-color: var(--body-color);\n--palette-4-light-2: #adf6f2;\n--palette-4-light-2-darker: #87f2ec;\n--palette-4-light-2-r: 173;\n--palette-4-light-2-g: 246;\n--palette-4-light-2-b: 242;\n--palette-4-light-2-contrast: black;\n--palette-4-light-2-contrast-darker: black;\n--palette-4-light-2-text-color: var(--body-color);\n--palette-4-light-3: #eafdfc;\n--palette-4-light-3-darker: #bef9f6;\n--palette-4-light-3-r: 234;\n--palette-4-light-3-g: 253;\n--palette-4-light-3-b: 252;\n--palette-4-light-3-contrast: black;\n--palette-4-light-3-contrast-darker: black;\n--palette-4-light-3-text-color: var(--body-color);\n--palette-5-base: #b9c1cc;\n--palette-5-base-darker: #a2adbc;\n--palette-5-base-r: 185;\n--palette-5-base-g: 193;\n--palette-5-base-b: 204;\n--palette-5-base-contrast: black;\n--palette-5-base-contrast-darker: white;\n--palette-5-base-text-color: var(--body-color);\n--palette-5-dark-3: #292d33;\n--palette-5-dark-3-darker: #25292e;\n--palette-5-dark-3-r: 41;\n--palette-5-dark-3-g: 45;\n--palette-5-dark-3-b: 51;\n--palette-5-dark-3-contrast: white;\n--palette-5-dark-3-contrast-darker: white;\n--palette-5-dark-3-text-color: var(--body-alt-color);\n--palette-5-dark-2: #555c66;\n--palette-5-dark-2-darker: #4d535c;\n--palette-5-dark-2-r: 85;\n--palette-5-dark-2-g: 92;\n--palette-5-dark-2-b: 102;\n--palette-5-dark-2-contrast: white;\n--palette-5-dark-2-contrast-darker: white;\n--palette-5-dark-2-text-color: var(--body-alt-color);\n--palette-5-dark-1: #858e99;\n--palette-5-dark-1-darker: #75808c;\n--palette-5-dark-1-r: 133;\n--palette-5-dark-1-g: 142;\n--palette-5-dark-1-b: 153;\n--palette-5-dark-1-contrast: white;\n--palette-5-dark-1-contrast-darker: white;\n--palette-5-dark-1-text-color: var(--body-alt-color);\n--palette-5: #b9c1cc;\n--palette-5-darker: #a2adbc;\n--palette-5-r: 185;\n--palette-5-g: 193;\n--palette-5-b: 204;\n--palette-5-contrast: black;\n--palette-5-contrast-darker: white;\n--palette-5-text-color: var(--body-color);\n--palette-5-light-1: #ccd3db;\n--palette-5-light-1-darker: #b3bec9;\n--palette-5-light-1-r: 204;\n--palette-5-light-1-g: 211;\n--palette-5-light-1-b: 219;\n--palette-5-light-1-contrast: black;\n--palette-5-light-1-contrast-darker: black;\n--palette-5-light-1-text-color: var(--body-color);\n--palette-5-light-2: #e0e5eb;\n--palette-5-light-2-darker: #c4ced9;\n--palette-5-light-2-r: 224;\n--palette-5-light-2-g: 229;\n--palette-5-light-2-b: 235;\n--palette-5-light-2-contrast: black;\n--palette-5-light-2-contrast-darker: black;\n--palette-5-light-2-text-color: var(--body-color);\n--palette-5-light-3: #f5f7fa;\n--palette-5-light-3-darker: #d4dde9;\n--palette-5-light-3-r: 245;\n--palette-5-light-3-g: 247;\n--palette-5-light-3-b: 250;\n--palette-5-light-3-contrast: black;\n--palette-5-light-3-contrast-darker: black;\n--palette-5-light-3-text-color: var(--body-color);\n--grey-40: #999999;\n--grey-40-darker: #8a8a8a;\n--grey-40-r: 153;\n--grey-40-g: 153;\n--grey-40-b: 153;\n--grey-40-contrast: white;\n--grey-40-contrast-darker: white;\n--grey-40-text-color: var(--body-alt-color);\n--grey-30: #b3b3b3;\n--grey-30-darker: #a1a1a1;\n--grey-30-r: 179;\n--grey-30-g: 179;\n--grey-30-b: 179;\n--grey-30-contrast: white;\n--grey-30-contrast-darker: white;\n--grey-30-text-color: var(--body-alt-color);\n--grey-25: #c0c0c0;\n--grey-25-darker: #adadad;\n--grey-25-r: 192;\n--grey-25-g: 192;\n--grey-25-b: 192;\n--grey-25-contrast: black;\n--grey-25-contrast-darker: white;\n--grey-25-text-color: var(--body-color);\n--white: #ffffff;\n--white-darker: #e6e6e6;\n--white-r: 255;\n--white-g: 255;\n--white-b: 255;\n--white-contrast: black;\n--white-contrast-darker: black;\n--white-text-color: var(--body-color);\n--grey-15: #d9d9d9;\n--grey-15-darker: #c3c3c3;\n--grey-15-r: 217;\n--grey-15-g: 217;\n--grey-15-b: 217;\n--grey-15-contrast: black;\n--grey-15-contrast-darker: black;\n--grey-15-text-color: var(--body-color);\n--grey-10: #e5e5e5;\n--grey-10-darker: #cecece;\n--grey-10-r: 229;\n--grey-10-g: 229;\n--grey-10-b: 229;\n--grey-10-contrast: black;\n--grey-10-contrast-darker: black;\n--grey-10-text-color: var(--body-color);\n--grey-5: #f2f2f2;\n--grey-5-darker: #dadada;\n--grey-5-r: 242;\n--grey-5-g: 242;\n--grey-5-b: 242;\n--grey-5-contrast: black;\n--grey-5-contrast-darker: black;\n--grey-5-text-color: var(--body-color);\n--grey-90: #1a1a1a;\n--grey-90-darker: #171717;\n--grey-90-r: 26;\n--grey-90-g: 26;\n--grey-90-b: 26;\n--grey-90-contrast: white;\n--grey-90-contrast-darker: white;\n--grey-90-text-color: var(--body-alt-color);\n--grey-80: #333333;\n--grey-80-darker: #2e2e2e;\n--grey-80-r: 51;\n--grey-80-g: 51;\n--grey-80-b: 51;\n--grey-80-contrast: white;\n--grey-80-contrast-darker: white;\n--grey-80-text-color: var(--body-alt-color);\n--grey-75: #404040;\n--grey-75-darker: #3a3a3a;\n--grey-75-r: 64;\n--grey-75-g: 64;\n--grey-75-b: 64;\n--grey-75-contrast: white;\n--grey-75-contrast-darker: white;\n--grey-75-text-color: var(--body-alt-color);\n--black: #000000;\n--black-darker: #000000;\n--black-r: 0;\n--black-g: 0;\n--black-b: 0;\n--black-contrast: white;\n--black-contrast-darker: white;\n--black-text-color: var(--body-alt-color);\n--grey-70: #4d4d4d;\n--grey-70-darker: #454545;\n--grey-70-r: 77;\n--grey-70-g: 77;\n--grey-70-b: 77;\n--grey-70-contrast: white;\n--grey-70-contrast-darker: white;\n--grey-70-text-color: var(--body-alt-color);\n--grey-60: #666666;\n--grey-60-darker: #5c5c5c;\n--grey-60-r: 102;\n--grey-60-g: 102;\n--grey-60-b: 102;\n--grey-60-contrast: white;\n--grey-60-contrast-darker: white;\n--grey-60-text-color: var(--body-alt-color);\n--grey-50: #808080;\n--grey-50-darker: #737373;\n--grey-50-r: 128;\n--grey-50-g: 128;\n--grey-50-b: 128;\n--grey-50-contrast: white;\n--grey-50-contrast-darker: white;\n--grey-50-text-color: var(--body-alt-color);\n--grey-dark-3: #212121;\n--grey-dark-3-darker: #1e1e1e;\n--grey-dark-3-r: 33;\n--grey-dark-3-g: 33;\n--grey-dark-3-b: 33;\n--grey-dark-3-contrast: white;\n--grey-dark-3-contrast-darker: white;\n--grey-dark-3-text-color: var(--body-alt-color);\n--grey-dark-2: #333333;\n--grey-dark-2-darker: #2e2e2e;\n--grey-dark-2-r: 51;\n--grey-dark-2-g: 51;\n--grey-dark-2-b: 51;\n--grey-dark-2-contrast: white;\n--grey-dark-2-contrast-darker: white;\n--grey-dark-2-text-color: var(--body-alt-color);\n--grey-dark-1: #454545;\n--grey-dark-1-darker: #3e3e3e;\n--grey-dark-1-r: 69;\n--grey-dark-1-g: 69;\n--grey-dark-1-b: 69;\n--grey-dark-1-contrast: white;\n--grey-dark-1-contrast-darker: white;\n--grey-dark-1-text-color: var(--body-alt-color);\n--grey: #b3b3b3;\n--grey-darker: #a1a1a1;\n--grey-r: 179;\n--grey-g: 179;\n--grey-b: 179;\n--grey-contrast: white;\n--grey-contrast-darker: white;\n--grey-text-color: var(--body-alt-color);\n--grey-light-1: #d9d9d9;\n--grey-light-1-darker: #c3c3c3;\n--grey-light-1-r: 217;\n--grey-light-1-g: 217;\n--grey-light-1-b: 217;\n--grey-light-1-contrast: black;\n--grey-light-1-contrast-darker: black;\n--grey-light-1-text-color: var(--body-color);\n--grey-light-2: #eeeeee;\n--grey-light-2-darker: #d6d6d6;\n--grey-light-2-r: 238;\n--grey-light-2-g: 238;\n--grey-light-2-b: 238;\n--grey-light-2-contrast: black;\n--grey-light-2-contrast-darker: black;\n--grey-light-2-text-color: var(--body-color);\n--grey-light-3: #f6f6f6;\n--grey-light-3-darker: #dddddd;\n--grey-light-3-r: 246;\n--grey-light-3-g: 246;\n--grey-light-3-b: 246;\n--grey-light-3-contrast: black;\n--grey-light-3-contrast-darker: black;\n--grey-light-3-text-color: var(--body-color);\n--color-1-base: #478ac9;\n--color-1-base-darker: #387cbd;\n--color-1-base-r: 71;\n--color-1-base-g: 138;\n--color-1-base-b: 201;\n--color-1-base-contrast: white;\n--color-1-base-contrast-darker: white;\n--color-1-base-text-color: var(--body-alt-color);\n--color-1-dark-3: #292e33;\n--color-1-dark-3-darker: #25292e;\n--color-1-dark-3-r: 41;\n--color-1-dark-3-g: 46;\n--color-1-dark-3-b: 51;\n--color-1-dark-3-contrast: white;\n--color-1-dark-3-contrast-darker: white;\n--color-1-dark-3-text-color: var(--body-alt-color);\n--color-1-dark-2: #425465;\n--color-1-dark-2-darker: #3b4c5b;\n--color-1-dark-2-r: 66;\n--color-1-dark-2-g: 84;\n--color-1-dark-2-b: 101;\n--color-1-dark-2-contrast: white;\n--color-1-dark-2-contrast-darker: white;\n--color-1-dark-2-text-color: var(--body-alt-color);\n--color-1-dark-1: #4c7397;\n--color-1-dark-1-darker: #446888;\n--color-1-dark-1-r: 76;\n--color-1-dark-1-g: 115;\n--color-1-dark-1-b: 151;\n--color-1-dark-1-contrast: white;\n--color-1-dark-1-contrast-darker: white;\n--color-1-dark-1-text-color: var(--body-alt-color);\n--color-1: #478ac9;\n--color-1-darker: #387cbd;\n--color-1-r: 71;\n--color-1-g: 138;\n--color-1-b: 201;\n--color-1-contrast: white;\n--color-1-contrast-darker: white;\n--color-1-text-color: var(--body-alt-color);\n--color-1-light-1: #77aad9;\n--color-1-light-1-darker: #5d9ad2;\n--color-1-light-1-r: 119;\n--color-1-light-1-g: 170;\n--color-1-light-1-b: 217;\n--color-1-light-1-contrast: white;\n--color-1-light-1-contrast-darker: white;\n--color-1-light-1-text-color: var(--body-alt-color);\n--color-1-light-2: #adcce9;\n--color-1-light-2-darker: #8db8e0;\n--color-1-light-2-r: 173;\n--color-1-light-2-g: 204;\n--color-1-light-2-b: 233;\n--color-1-light-2-contrast: black;\n--color-1-light-2-contrast-darker: white;\n--color-1-light-2-text-color: var(--body-color);\n--color-1-light-3: #e9f2fa;\n--color-1-light-3-darker: #c2dbf1;\n--color-1-light-3-r: 233;\n--color-1-light-3-g: 242;\n--color-1-light-3-b: 250;\n--color-1-light-3-contrast: black;\n--color-1-light-3-contrast-darker: black;\n--color-1-light-3-text-color: var(--body-color);\n--color-2-base: #db545a;\n--color-2-base-darker: #d63b42;\n--color-2-base-r: 219;\n--color-2-base-g: 84;\n--color-2-base-b: 90;\n--color-2-base-contrast: white;\n--color-2-base-contrast-darker: white;\n--color-2-base-text-color: var(--body-alt-color);\n--color-2-dark-3: #332929;\n--color-2-dark-3-darker: #2e2525;\n--color-2-dark-3-r: 51;\n--color-2-dark-3-g: 41;\n--color-2-dark-3-b: 41;\n--color-2-dark-3-contrast: white;\n--color-2-dark-3-contrast-darker: white;\n--color-2-dark-3-text-color: var(--body-alt-color);\n--color-2-dark-2: #6b4748;\n--color-2-dark-2-darker: #604041;\n--color-2-dark-2-r: 107;\n--color-2-dark-2-g: 71;\n--color-2-dark-2-b: 72;\n--color-2-dark-2-contrast: white;\n--color-2-dark-2-contrast-darker: white;\n--color-2-dark-2-text-color: var(--body-alt-color);\n--color-2-dark-1: #a35559;\n--color-2-dark-1-darker: #934c50;\n--color-2-dark-1-r: 163;\n--color-2-dark-1-g: 85;\n--color-2-dark-1-b: 89;\n--color-2-dark-1-contrast: white;\n--color-2-dark-1-contrast-darker: white;\n--color-2-dark-1-text-color: var(--body-alt-color);\n--color-2: #db545a;\n--color-2-darker: #d63b42;\n--color-2-r: 219;\n--color-2-g: 84;\n--color-2-b: 90;\n--color-2-contrast: white;\n--color-2-contrast-darker: white;\n--color-2-text-color: var(--body-alt-color);\n--color-2-light-1: #e68387;\n--color-2-light-1-darker: #e0656a;\n--color-2-light-1-r: 230;\n--color-2-light-1-g: 131;\n--color-2-light-1-b: 135;\n--color-2-light-1-contrast: white;\n--color-2-light-1-contrast-darker: white;\n--color-2-light-1-text-color: var(--body-alt-color);\n--color-2-light-2: #f1b5b8;\n--color-2-light-2-darker: #ea9296;\n--color-2-light-2-r: 241;\n--color-2-light-2-g: 181;\n--color-2-light-2-b: 184;\n--color-2-light-2-contrast: black;\n--color-2-light-2-contrast-darker: white;\n--color-2-light-2-text-color: var(--body-color);\n--color-2-light-3: #fbeced;\n--color-2-light-3-darker: #f3c4c7;\n--color-2-light-3-r: 251;\n--color-2-light-3-g: 236;\n--color-2-light-3-b: 237;\n--color-2-light-3-contrast: black;\n--color-2-light-3-contrast-darker: black;\n--color-2-light-3-text-color: var(--body-color);\n--color-3-base: #f1c50e;\n--color-3-base-darker: #d9b10d;\n--color-3-base-r: 241;\n--color-3-base-g: 197;\n--color-3-base-b: 14;\n--color-3-base-contrast: black;\n--color-3-base-contrast-darker: white;\n--color-3-base-text-color: var(--body-color);\n--color-3-dark-3: #333129;\n--color-3-dark-3-darker: #2e2c25;\n--color-3-dark-3-r: 51;\n--color-3-dark-3-g: 49;\n--color-3-dark-3-b: 41;\n--color-3-dark-3-contrast: white;\n--color-3-dark-3-contrast-darker: white;\n--color-3-dark-3-text-color: var(--body-alt-color);\n--color-3-dark-2: #72683f;\n--color-3-dark-2-darker: #675e39;\n--color-3-dark-2-r: 114;\n--color-3-dark-2-g: 104;\n--color-3-dark-2-b: 63;\n--color-3-dark-2-contrast: white;\n--color-3-dark-2-contrast-darker: white;\n--color-3-dark-2-text-color: var(--body-alt-color);\n--color-3-dark-1: #b29a36;\n--color-3-dark-1-darker: #a08b31;\n--color-3-dark-1-r: 178;\n--color-3-dark-1-g: 154;\n--color-3-dark-1-b: 54;\n--color-3-dark-1-contrast: white;\n--color-3-dark-1-contrast-darker: white;\n--color-3-dark-1-text-color: var(--body-alt-color);\n--color-3: #f1c50e;\n--color-3-darker: #d9b10d;\n--color-3-r: 241;\n--color-3-g: 197;\n--color-3-b: 14;\n--color-3-contrast: black;\n--color-3-contrast-darker: white;\n--color-3-text-color: var(--body-color);\n--color-3-light-1: #f5d654;\n--color-3-light-1-darker: #f3cf35;\n--color-3-light-1-r: 245;\n--color-3-light-1-g: 214;\n--color-3-light-1-b: 84;\n--color-3-light-1-contrast: black;\n--color-3-light-1-contrast-darker: black;\n--color-3-light-1-text-color: var(--body-color);\n--color-3-light-2: #f9e79b;\n--color-3-light-2-darker: #f7de75;\n--color-3-light-2-r: 249;\n--color-3-light-2-g: 231;\n--color-3-light-2-b: 155;\n--color-3-light-2-contrast: black;\n--color-3-light-2-contrast-darker: black;\n--color-3-light-2-text-color: var(--body-color);\n--color-3-light-3: #fef9e6;\n--color-3-light-3-darker: #fceeb7;\n--color-3-light-3-r: 254;\n--color-3-light-3-g: 249;\n--color-3-light-3-b: 230;\n--color-3-light-3-contrast: black;\n--color-3-light-3-contrast-darker: black;\n--color-3-light-3-text-color: var(--body-color);\n--color-4-base: #2cccc4;\n--color-4-base-darker: #28b8b0;\n--color-4-base-r: 44;\n--color-4-base-g: 204;\n--color-4-base-b: 196;\n--color-4-base-contrast: white;\n--color-4-base-contrast-darker: white;\n--color-4-base-text-color: var(--body-alt-color);\n--color-4-dark-3: #293332;\n--color-4-dark-3-darker: #252e2d;\n--color-4-dark-3-r: 41;\n--color-4-dark-3-g: 51;\n--color-4-dark-3-b: 50;\n--color-4-dark-3-contrast: white;\n--color-4-dark-3-contrast-darker: white;\n--color-4-dark-3-text-color: var(--body-alt-color);\n--color-4-dark-2: #41807c;\n--color-4-dark-2-darker: #3a7370;\n--color-4-dark-2-r: 65;\n--color-4-dark-2-g: 128;\n--color-4-dark-2-b: 124;\n--color-4-dark-2-contrast: white;\n--color-4-dark-2-contrast-darker: white;\n--color-4-dark-2-text-color: var(--body-alt-color);\n--color-4-dark-1: #2cccc4;\n--color-4-dark-1-darker: #28b8b0;\n--color-4-dark-1-r: 44;\n--color-4-dark-1-g: 204;\n--color-4-dark-1-b: 196;\n--color-4-dark-1-contrast: white;\n--color-4-dark-1-contrast-darker: white;\n--color-4-dark-1-text-color: var(--body-alt-color);\n--color-4: #3be8e0;\n--color-4-darker: #21e5dc;\n--color-4-r: 59;\n--color-4-g: 232;\n--color-4-b: 224;\n--color-4-contrast: black;\n--color-4-contrast-darker: black;\n--color-4-text-color: var(--body-color);\n--color-4-light-1: #72efe9;\n--color-4-light-1-darker: #52ebe4;\n--color-4-light-1-r: 114;\n--color-4-light-1-g: 239;\n--color-4-light-1-b: 233;\n--color-4-light-1-contrast: black;\n--color-4-light-1-contrast-darker: black;\n--color-4-light-1-text-color: var(--body-color);\n--color-4-light-2: #adf6f2;\n--color-4-light-2-darker: #87f2ec;\n--color-4-light-2-r: 173;\n--color-4-light-2-g: 246;\n--color-4-light-2-b: 242;\n--color-4-light-2-contrast: black;\n--color-4-light-2-contrast-darker: black;\n--color-4-light-2-text-color: var(--body-color);\n--color-4-light-3: #eafdfc;\n--color-4-light-3-darker: #bef9f6;\n--color-4-light-3-r: 234;\n--color-4-light-3-g: 253;\n--color-4-light-3-b: 252;\n--color-4-light-3-contrast: black;\n--color-4-light-3-contrast-darker: black;\n--color-4-light-3-text-color: var(--body-color);\n--color-5-base: #b9c1cc;\n--color-5-base-darker: #a2adbc;\n--color-5-base-r: 185;\n--color-5-base-g: 193;\n--color-5-base-b: 204;\n--color-5-base-contrast: black;\n--color-5-base-contrast-darker: white;\n--color-5-base-text-color: var(--body-color);\n--color-5-dark-3: #292d33;\n--color-5-dark-3-darker: #25292e;\n--color-5-dark-3-r: 41;\n--color-5-dark-3-g: 45;\n--color-5-dark-3-b: 51;\n--color-5-dark-3-contrast: white;\n--color-5-dark-3-contrast-darker: white;\n--color-5-dark-3-text-color: var(--body-alt-color);\n--color-5-dark-2: #555c66;\n--color-5-dark-2-darker: #4d535c;\n--color-5-dark-2-r: 85;\n--color-5-dark-2-g: 92;\n--color-5-dark-2-b: 102;\n--color-5-dark-2-contrast: white;\n--color-5-dark-2-contrast-darker: white;\n--color-5-dark-2-text-color: var(--body-alt-color);\n--color-5-dark-1: #858e99;\n--color-5-dark-1-darker: #75808c;\n--color-5-dark-1-r: 133;\n--color-5-dark-1-g: 142;\n--color-5-dark-1-b: 153;\n--color-5-dark-1-contrast: white;\n--color-5-dark-1-contrast-darker: white;\n--color-5-dark-1-text-color: var(--body-alt-color);\n--color-5: #b9c1cc;\n--color-5-darker: #a2adbc;\n--color-5-r: 185;\n--color-5-g: 193;\n--color-5-b: 204;\n--color-5-contrast: black;\n--color-5-contrast-darker: white;\n--color-5-text-color: var(--body-color);\n--color-5-light-1: #ccd3db;\n--color-5-light-1-darker: #b3bec9;\n--color-5-light-1-r: 204;\n--color-5-light-1-g: 211;\n--color-5-light-1-b: 219;\n--color-5-light-1-contrast: black;\n--color-5-light-1-contrast-darker: black;\n--color-5-light-1-text-color: var(--body-color);\n--color-5-light-2: #e0e5eb;\n--color-5-light-2-darker: #c4ced9;\n--color-5-light-2-r: 224;\n--color-5-light-2-g: 229;\n--color-5-light-2-b: 235;\n--color-5-light-2-contrast: black;\n--color-5-light-2-contrast-darker: black;\n--color-5-light-2-text-color: var(--body-color);\n--color-5-light-3: #f5f7fa;\n--color-5-light-3-darker: #d4dde9;\n--color-5-light-3-r: 245;\n--color-5-light-3-g: 247;\n--color-5-light-3-b: 250;\n--color-5-light-3-contrast: black;\n--color-5-light-3-contrast-darker: black;\n--color-5-light-3-text-color: var(--body-color);\n--white-contrast: var(--body-color);\n--shading-contrast: var(--body-alt-color);\n--bg-contrast: var(--body-color);\n}.u-custom-color-1,\n        .u-body.u-custom-color-1,\n        .u-container-style.u-custom-color-1:before,\n        .u-table-alt-custom-color-1 tr:nth-child(even)\n        {\n            color: var(--custom-color-1-text-color);\n            background-color: var(--custom-color-1);\n        }\n\n        .u-button-style.u-custom-color-1,\n        .u-button-style.u-custom-color-1[class*=\"u-border-\"]\n        {\n            color: var(--custom-color-1-text-color) !important;\n            background-color: var(--custom-color-1) !important;\n        }\n\n        .u-button-style.u-custom-color-1:hover,\n        .u-button-style.u-custom-color-1[class*=\"u-border-\"]:hover,\n        .u-button-style.u-custom-color-1:focus,\n        .u-button-style.u-custom-color-1[class*=\"u-border-\"]:focus,\n        .u-button-style.u-button-style.u-custom-color-1:active,\n        .u-button-style.u-button-style.u-custom-color-1[class*=\"u-border-\"]:active,\n        .u-button-style.u-button-style.u-custom-color-1.active,\n        .u-button-style.u-button-style.u-custom-color-1[class*=\"u-border-\"].active\n        {\n            color: var(--custom-color-1-text-color) !important;\n            background-color: var(--custom-color-1-darker) !important;\n        }\n\n        .u-hover-custom-color-1:hover,\n        .u-hover-custom-color-1[class*=\"u-border-\"]:hover,\n        .u-hover-custom-color-1:focus,\n        .u-hover-custom-color-1[class*=\"u-border-\"]:focus,\n        .u-active-custom-color-1.u-active.u-active,\n        .u-active-custom-color-1[class*=\"u-border-\"].u-active.u-active,\n        a.u-button-style.u-hover-custom-color-1:hover,\n        a.u-button-style.u-hover-custom-color-1[class*=\"u-border-\"]:hover,\n        a.u-button-style.u-hover-custom-color-1:focus,\n        a.u-button-style.u-hover-custom-color-1[class*=\"u-border-\"]:focus,\n        a.u-button-style.u-button-style.u-active-custom-color-1:active,\n        a.u-button-style.u-button-style.u-active-custom-color-1[class*=\"u-border-\"]:active,\n        a.u-button-style.u-button-style.u-active-custom-color-1.active,\n        a.u-button-style.u-button-style.u-active-custom-color-1[class*=\"u-border-\"].active\n        {\n            color: var(--custom-color-1-text-color) !important;\n            background-color: var(--custom-color-1) !important;\n        }\n\n        a.u-link.u-hover-custom-color-1:hover {\n            color: var(--custom-color-1) !important;\n        }\n\n        \n\n        \n        .u-border-custom-color-1,\n        .u-separator-custom-color-1:after\n        {\n            border-color: var(--custom-color-1);\n            stroke: var(--custom-color-1);\n        }\n\n        .u-button-style.u-border-custom-color-1\n        {\n            border-color: var(--custom-color-1) !important;\n            color: var(--custom-color-1) !important;\n            background-color: transparent !important;\n        }\n\n        .u-button-style.u-border-custom-color-1:hover,\n        .u-button-style.u-border-custom-color-1:focus\n        {\n            border-color: var(--custom-color-1-darker) !important;\n            color: var(--custom-color-1-darker) !important;\n            background-color: transparent !important;\n        }\n\n        .u-border-hover-custom-color-1:hover,\n        .u-border-hover-custom-color-1:focus,\n        .u-border-active-custom-color-1.u-active.u-active,\n        a.u-button-style.u-border-hover-custom-color-1:hover,\n        a.u-button-style.u-border-hover-custom-color-1:focus,\n        a.u-button-style.u-button-style.u-border-active-custom-color-1:active,\n        a.u-button-style.u-button-style.u-border-active-custom-color-1.active\n        {\n            color: var(--custom-color-1) !important;\n            border-color: var(--custom-color-1) !important;\n        }\n\n        .u-link.u-border-custom-color-1[class*=\"u-border-\"]\n        {\n            border-color: var(--custom-color-1) !important;\n        }\n\n        .u-link.u-border-custom-color-1[class*=\"u-border-\"]:hover\n        {\n            border-color: var(--custom-color-1-darker) !important;\n        }\n        \n\n        \n        .u-text-custom-color-1,\n        a.u-button-style.u-text-custom-color-1,\n        a.u-button-style.u-text-custom-color-1[class*=\"u-border-\"]\n        {\n            color: var(--custom-color-1) !important;\n        }\n\n        a.u-button-style.u-text-custom-color-1:hover,\n        a.u-button-style.u-text-custom-color-1[class*=\"u-border-\"]:hover,\n        a.u-button-style.u-text-custom-color-1:focus,\n        a.u-button-style.u-text-custom-color-1[class*=\"u-border-\"]:focus,\n        a.u-button-style.u-button-style.u-text-custom-color-1:active,\n        a.u-button-style.u-button-style.u-text-custom-color-1[class*=\"u-border-\"]:active,\n        a.u-button-style.u-button-style.u-text-custom-color-1.active,\n        a.u-button-style.u-button-style.u-text-custom-color-1[class*=\"u-border-\"].active\n        {\n            color: var(--custom-color-1-darker) !important;\n        }\n\n        a.u-button-style.u-button-style.u-text-hover-custom-color-1:hover,\n        a.u-button-style.u-button-style.u-text-hover-custom-color-1[class*=\"u-border-\"]:hover,\n        a.u-button-style.u-button-style.u-text-hover-custom-color-1:focus,\n        a.u-button-style.u-button-style.u-text-hover-custom-color-1[class*=\"u-border-\"]:focus,\n        a.u-button-style.u-button-style.u-button-style.u-text-active-custom-color-1:active,\n        a.u-button-style.u-button-style.u-button-style.u-text-active-custom-color-1[class*=\"u-border-\"]:active,\n        a.u-button-style.u-button-style.u-button-style.u-text-active-custom-color-1.active,\n        a.u-button-style.u-button-style.u-button-style.u-text-active-custom-color-1[class*=\"u-border-\"].active,\n        :not(.level-2) > .u-nav > .u-nav-item > a.u-nav-link.u-text-hover-custom-color-1:hover,\n        :not(.level-2) > .u-nav > .u-nav-item > a.u-nav-link.u-nav-link.u-text-active-custom-color-1.active,\n        .u-popupmenu-items.u-text-hover-custom-color-1 .u-nav-link:hover,\n        .u-popupmenu-items.u-popupmenu-items.u-text-active-custom-color-1 .u-nav-link.active\n        {\n            color: var(--custom-color-1) !important;\n        }\n\n        .u-text-custom-color-1 svg,\n        .u-text-hover-custom-color-1:hover svg,\n        .u-text-hover-custom-color-1:focus svg\n        {\n            fill: var(--custom-color-1);\n        }\n\n        .u-link.u-text-custom-color-1:hover\n        {\n            color: var(--custom-color-1-darker) !important;\n        }\n\n        a.u-link.u-text-hover-custom-color-1:hover\n        {\n            color: var(--custom-color-1) !important;\n        }</style><style id=\"typography\" typography=\"custom-page-typography-1\">\n        .u-body\n        {\n        --title-font-weight: 400;\n        --title-font-size: 4.5rem;\n        --title-line-height: 1.1;\n        --title-margin-top: 20px;\n        --title-margin-bottom: 20px;\n        --subtitle-font-weight: 400;\n        --subtitle-font-size: 2.25rem;\n        --subtitle-line-height: 1.1;\n        --subtitle-margin-top: 20px;\n        --subtitle-margin-bottom: 20px;\n        --h1-font-weight: 400;\n        --h1-font-size: 3rem;\n        --h1-line-height: 1.1;\n        --h1-margin-top: 20px;\n        --h1-margin-bottom: 20px;\n        --h2-font-weight: 400;\n        --h2-font-size: 2.25rem;\n        --h2-line-height: 1.1;\n        --h2-margin-top: 20px;\n        --h2-margin-bottom: 20px;\n        --h3-font-weight: 400;\n        --h3-font-size: 1.875rem;\n        --h3-line-height: 1.2;\n        --h3-margin-top: 20px;\n        --h3-margin-bottom: 20px;\n        --h4-font-weight: 400;\n        --h4-font-size: 1.5rem;\n        --h4-line-height: 1.2;\n        --h4-margin-top: 20px;\n        --h4-margin-bottom: 20px;\n        --h5-font-weight: 400;\n        --h5-font-size: 1.25rem;\n        --h5-line-height: 1.2;\n        --h5-margin-top: 20px;\n        --h5-margin-bottom: 20px;\n        --h6-font-weight: 400;\n        --h6-font-size: 1.125rem;\n        --h6-line-height: 1.2;\n        --h6-margin-top: 20px;\n        --h6-margin-bottom: 20px;\n        --largeText-font-size: 1.25rem;\n        --largeText-margin-top: 20px;\n        --largeText-margin-bottom: 20px;\n        --smallText-font-size: 0.875rem;\n        --smallText-margin-top: 20px;\n        --smallText-margin-bottom: 20px;\n        --text-margin-top: 20px;\n        --text-margin-bottom: 20px;\n        --text-line-height: 1.6;\n        --text-list-icon-spacing: 0.3;\n        --text-list-icon-size: 0.8;\n        --text-font-family: Open Sans, sans-serif;\n        --hyperlink-color: var(--palette-1-base);\n        --hyperlink-alt-text-color: var(--palette-1-light-2);\n        --hyperlink-hover-color: var(--palette-1-base-darker);\n        --hyperlink-hover-alt-text-color: var(--grey-30-darker);\n        --button-margin-top: 20px;\n        --button-margin-bottom: 20px;\n        --button-background-color: var(--palette-1-base);\n        --button-color: var(--white);\n        --button-alt-background-color: var(--palette-1-light-2);\n        --button-alt-color: var(--black);\n        --button-hover-background-color: var(--palette-1-base-darker);\n        --button-hover-color: var(--white-darker);\n        --button-hover-alt-background-color: var(--palette-1-light-2-darker);\n        --button-hover-alt-color: var(--white);\n        --button-hover-background-color: var(--palette-1-base-darker);\n        --button-hover-color: var(--white-darker);\n        --button-hover-alt-background-color: var(--palette-1-light-2-darker);\n        --button-hover-alt-color: var(--white);\n        --button-active-background-color: var(--palette-1-base-darker);\n        --button-active-color: var(--white-darker);\n        --button-active-alt-background-color: var(--palette-1-light-2-darker);\n        --button-active-alt-color: var(--white);\n        --blockquote-font-style: italic;\n        --blockquote-padding-left: 20px;\n        --blockquote-border-width: 4px;\n        --blockquote-border-color: var(--palette-1-base);\n        --blockquote-margin-top: 20px;\n        --blockquote-margin-bottom: 20px;\n        --metadata-margin-top: 20px;\n        --metadata-margin-bottom: 20px;\n        --list-margin-top: 20px;\n        --list-margin-bottom: 20px;\n        --orderedlist-margin-top: 20px;\n        --orderedlist-margin-bottom: 20px;\n        --postContent-margin-top: 20px;\n        --postContent-margin-bottom: 20px;\n        --title-font-size-sm: 3.75rem;\n        --title-font-size-xs: 3rem;\n        --subtitle-font-size-xs: 1.5rem;\n        --h1-font-size-xs: 2.25rem;\n        --h2-font-size-xs: 1.5rem;\n        --h3-font-size-xs: 1.5rem;\n        }\n\n        /** common-rules **/\n        h1.u-title\n        {\n        font-weight: var(--title-font-weight);\n        font-size: var(--title-font-size);\n        line-height: var(--title-line-height);\n        margin-top: var(--title-margin-top);\n        margin-bottom: var(--title-margin-bottom);\n        }\n        h2.u-subtitle\n        {\n        font-weight: var(--subtitle-font-weight);\n        font-size: var(--subtitle-font-size);\n        line-height: var(--subtitle-line-height);\n        margin-top: var(--subtitle-margin-top);\n        margin-bottom: var(--subtitle-margin-bottom);\n        }\n        h1:not(.u-title)\n        {\n        font-weight: var(--h1-font-weight);\n        font-size: var(--h1-font-size);\n        line-height: var(--h1-line-height);\n        margin-top: var(--h1-margin-top);\n        margin-bottom: var(--h1-margin-bottom);\n        }\n        h2:not(.u-subtitle)\n        {\n        font-weight: var(--h2-font-weight);\n        font-size: var(--h2-font-size);\n        line-height: var(--h2-line-height);\n        margin-top: var(--h2-margin-top);\n        margin-bottom: var(--h2-margin-bottom);\n        }\n        h3\n        {\n        font-weight: var(--h3-font-weight);\n        font-size: var(--h3-font-size);\n        line-height: var(--h3-line-height);\n        margin-top: var(--h3-margin-top);\n        margin-bottom: var(--h3-margin-bottom);\n        }\n        h4\n        {\n        font-weight: var(--h4-font-weight);\n        font-size: var(--h4-font-size);\n        line-height: var(--h4-line-height);\n        margin-top: var(--h4-margin-top);\n        margin-bottom: var(--h4-margin-bottom);\n        }\n        h5\n        {\n        font-weight: var(--h5-font-weight);\n        font-size: var(--h5-font-size);\n        line-height: var(--h5-line-height);\n        margin-top: var(--h5-margin-top);\n        margin-bottom: var(--h5-margin-bottom);\n        }\n        h6\n        {\n        font-weight: var(--h6-font-weight);\n        font-size: var(--h6-font-size);\n        line-height: var(--h6-line-height);\n        margin-top: var(--h6-margin-top);\n        margin-bottom: var(--h6-margin-bottom);\n        }\n        p.u-large-text\n        {\n        font-size: var(--largeText-font-size);\n        margin-top: var(--largeText-margin-top);\n        margin-bottom: var(--largeText-margin-bottom);\n        }\n        p.u-small-text\n        {\n        font-size: var(--smallText-font-size);\n        margin-top: var(--smallText-margin-top);\n        margin-bottom: var(--smallText-margin-bottom);\n        }\n        p:not(.u-text-variant)\n        {\n        margin-top: var(--text-margin-top);\n        margin-bottom: var(--text-margin-bottom);\n        line-height: var(--text-line-height);\n        list-icon-spacing: var(--text-list-icon-spacing);\n        list-icon-size: var(--text-list-icon-size);\n        font-family: var(--text-font-family);\n        }\n        .u-btn\n        {\n        margin-top: var(--button-margin-top);\n        margin-bottom: var(--button-margin-bottom);\n        }\n        blockquote\n        {\n        font-style: var(--blockquote-font-style);\n        padding-left: var(--blockquote-padding-left);\n        border-width: var(--blockquote-border-width);\n        margin-top: var(--blockquote-margin-top);\n        margin-bottom: var(--blockquote-margin-bottom);\n        }\n        .u-metadata\n        {\n        margin-top: var(--metadata-margin-top);\n        margin-bottom: var(--metadata-margin-bottom);\n        }\n        ul:not(.u-unstyled)\n        {\n        margin-top: var(--list-margin-top);\n        margin-bottom: var(--list-margin-bottom);\n        }\n        ol\n        {\n        margin-top: var(--orderedlist-margin-top);\n        margin-bottom: var(--orderedlist-margin-bottom);\n        }\n        .u-post-content\n        {\n        margin-top: var(--postContent-margin-top);\n        margin-bottom: var(--postContent-margin-bottom);\n        }\n        /** common-rules **/\n\n        /** publish-rules **/\n        /*begin-media rules*/\n        @media (max-width: 767px) {\n        h1.u-title\n        {\n        font-size: var(--title-font-size-sm);\n        }\n        }\n        @media (max-width: 575px) {\n        h1.u-title\n        {\n        font-size: var(--title-font-size-xs);\n        }\n        }\n        @media (max-width: 575px) {\n        h2.u-subtitle\n        {\n        font-size: var(--subtitle-font-size-xs);\n        }\n        }\n        @media (max-width: 575px) {\n        h1:not(.u-title)\n        {\n        font-size: var(--h1-font-size-xs);\n        }\n        }\n        @media (max-width: 575px) {\n        h2:not(.u-subtitle)\n        {\n        font-size: var(--h2-font-size-xs);\n        }\n        }\n        @media (max-width: 575px) {\n        h3\n        {\n        font-size: var(--h3-font-size-xs);\n        }\n        }\n        /*end-media rules*/\n        /** publish-rules **/\n\n        \n\n        /** cms-rules **/\n        /*begin-responsive rules*/\n        .u-sm h1.u-title\n        {\n        font-size: var(--title-font-size-sm);\n        }\n        .u-xs h1.u-title\n        {\n        font-size: var(--title-font-size-xs);\n        }\n        .u-xs h2.u-subtitle\n        {\n        font-size: var(--subtitle-font-size-xs);\n        }\n        .u-xs h1:not(.u-title)\n        {\n        font-size: var(--h1-font-size-xs);\n        }\n        .u-xs h2:not(.u-subtitle)\n        {\n        font-size: var(--h2-font-size-xs);\n        }\n        .u-xs h3\n        {\n        font-size: var(--h3-font-size-xs);\n        }\n        /*end-responsive rules*/\n        /** cms-rules **/\n\n        /** color-rules **/\n        .u-overlap.u-overlap-transparent:not(.u-overlap-contrast) .u-header :not(.u-nav-item) > a,\n        .u-gradient > .u-container-layout > a,\n        .u-image:not(.u-shading) > .u-container-layout > a,\n        a\n        {\n        color: var(--hyperlink-color);\n        }\n        .u-overlap.u-overlap-transparent:not(.u-overlap-contrast) .u-header :not(.u-nav-item) > a:hover,\n        .u-gradient > .u-container-layout > a:hover,\n        .u-image:not(.u-shading) > .u-container-layout > a:hover,\n        a:hover\n        {\n        color: var(--hyperlink-hover-color);\n        }\n        .u-overlap.u-overlap-transparent:not(.u-overlap-contrast) .u-header :not(.u-nav-item) > .u-btn,\n        .u-gradient > .u-container-layout > .u-btn,\n        .u-image:not(.u-shading) > .u-container-layout > .u-btn,\n        .u-btn\n        {\n        background-color: var(--button-background-color);\n        color: var(--button-color);\n        }\n        .u-overlap.u-overlap-transparent:not(.u-overlap-contrast) .u-header :not(.u-nav-item) > .u-btn:hover,\n        .u-gradient > .u-container-layout > .u-btn:hover,\n        .u-image:not(.u-shading) > .u-container-layout > .u-btn:hover,\n        .u-btn:hover\n        {\n        background-color: var(--button-hover-background-color);\n        color: var(--button-hover-color);\n        }\n        .u-overlap.u-overlap-transparent:not(.u-overlap-contrast) .u-header :not(.u-nav-item) > .u-btn:focus,\n        .u-gradient > .u-container-layout > .u-btn:focus,\n        .u-image:not(.u-shading) > .u-container-layout > .u-btn:focus,\n        .u-btn:focus\n        {\n        background-color: var(--button-hover-background-color);\n        color: var(--button-hover-color);\n        }\n        .u-overlap.u-overlap-transparent:not(.u-overlap-contrast) .u-header :not(.u-nav-item) > .u-btn:active,\n        .u-gradient > .u-container-layout > .u-btn:active,\n        .u-image:not(.u-shading) > .u-container-layout > .u-btn:active,\n        .u-btn:active\n        {\n        background-color: var(--button-active-background-color);\n        color: var(--button-active-color);\n        }\n        .u-overlap.u-overlap-transparent:not(.u-overlap-contrast) .u-header :not(.u-nav-item) > blockquote,\n        .u-gradient > .u-container-layout > blockquote,\n        .u-image:not(.u-shading) > .u-container-layout > blockquote,\n        blockquote\n        {\n        border-color: var(--blockquote-border-color);\n        }\n        /** color-rules **/\n\n        /** alt-color-rules **/\n        .u-custom-color-1 a,.u-body-color a,.u-palette-1-base a,.u-palette-1-dark-3 a,.u-palette-1-dark-2 a,.u-palette-1-dark-1 a,.u-palette-1 a,.u-palette-1-light-1 a,.u-palette-2-base a,.u-palette-2-dark-3 a,.u-palette-2-dark-2 a,.u-palette-2-dark-1 a,.u-palette-2 a,.u-palette-2-light-1 a,.u-palette-3-dark-3 a,.u-palette-3-dark-2 a,.u-palette-3-dark-1 a,.u-palette-4-base a,.u-palette-4-dark-3 a,.u-palette-4-dark-2 a,.u-palette-4-dark-1 a,.u-palette-5-dark-3 a,.u-palette-5-dark-2 a,.u-palette-5-dark-1 a,.u-grey-40 a,.u-grey-30 a,.u-grey-90 a,.u-grey-80 a,.u-grey-75 a,.u-black a,.u-grey-70 a,.u-grey-60 a,.u-grey-50 a,.u-grey-dark-3 a,.u-grey-dark-2 a,.u-grey-dark-1 a,.u-grey a,.u-shading a,.u-overlap-contrast .u-header a:not(.u-nav-link):not(.u-btn)\n        {\n        color: var(--hyperlink-alt-text-color);\n        }\n        .u-custom-color-1 a:hover,.u-body-color a:hover,.u-palette-1-base a:hover,.u-palette-1-dark-3 a:hover,.u-palette-1-dark-2 a:hover,.u-palette-1-dark-1 a:hover,.u-palette-1 a:hover,.u-palette-1-light-1 a:hover,.u-palette-2-base a:hover,.u-palette-2-dark-3 a:hover,.u-palette-2-dark-2 a:hover,.u-palette-2-dark-1 a:hover,.u-palette-2 a:hover,.u-palette-2-light-1 a:hover,.u-palette-3-dark-3 a:hover,.u-palette-3-dark-2 a:hover,.u-palette-3-dark-1 a:hover,.u-palette-4-base a:hover,.u-palette-4-dark-3 a:hover,.u-palette-4-dark-2 a:hover,.u-palette-4-dark-1 a:hover,.u-palette-5-dark-3 a:hover,.u-palette-5-dark-2 a:hover,.u-palette-5-dark-1 a:hover,.u-grey-40 a:hover,.u-grey-30 a:hover,.u-grey-90 a:hover,.u-grey-80 a:hover,.u-grey-75 a:hover,.u-black a:hover,.u-grey-70 a:hover,.u-grey-60 a:hover,.u-grey-50 a:hover,.u-grey-dark-3 a:hover,.u-grey-dark-2 a:hover,.u-grey-dark-1 a:hover,.u-grey a:hover\n        {\n        color: var(--hyperlink-hover-alt-text-color);\n        }\n        .u-custom-color-1 .u-btn,.u-body-color .u-btn,.u-palette-1-base .u-btn,.u-palette-1-dark-3 .u-btn,.u-palette-1-dark-2 .u-btn,.u-palette-1-dark-1 .u-btn,.u-palette-1 .u-btn,.u-palette-1-light-1 .u-btn,.u-palette-2-base .u-btn,.u-palette-2-dark-3 .u-btn,.u-palette-2-dark-2 .u-btn,.u-palette-2-dark-1 .u-btn,.u-palette-2 .u-btn,.u-palette-2-light-1 .u-btn,.u-palette-3-dark-3 .u-btn,.u-palette-3-dark-2 .u-btn,.u-palette-3-dark-1 .u-btn,.u-palette-4-base .u-btn,.u-palette-4-dark-3 .u-btn,.u-palette-4-dark-2 .u-btn,.u-palette-4-dark-1 .u-btn,.u-palette-5-dark-3 .u-btn,.u-palette-5-dark-2 .u-btn,.u-palette-5-dark-1 .u-btn,.u-grey-40 .u-btn,.u-grey-30 .u-btn,.u-grey-90 .u-btn,.u-grey-80 .u-btn,.u-grey-75 .u-btn,.u-black .u-btn,.u-grey-70 .u-btn,.u-grey-60 .u-btn,.u-grey-50 .u-btn,.u-grey-dark-3 .u-btn,.u-grey-dark-2 .u-btn,.u-grey-dark-1 .u-btn,.u-grey .u-btn,.u-shading .u-btn,.u-overlap-contrast .u-header .u-btn\n        {\n        background-color: var(--button-alt-background-color);\n        color: var(--button-alt-color);\n        }\n        .u-custom-color-1 .u-btn:hover,.u-body-color .u-btn:hover,.u-palette-1-base .u-btn:hover,.u-palette-1-dark-3 .u-btn:hover,.u-palette-1-dark-2 .u-btn:hover,.u-palette-1-dark-1 .u-btn:hover,.u-palette-1 .u-btn:hover,.u-palette-1-light-1 .u-btn:hover,.u-palette-2-base .u-btn:hover,.u-palette-2-dark-3 .u-btn:hover,.u-palette-2-dark-2 .u-btn:hover,.u-palette-2-dark-1 .u-btn:hover,.u-palette-2 .u-btn:hover,.u-palette-2-light-1 .u-btn:hover,.u-palette-3-dark-3 .u-btn:hover,.u-palette-3-dark-2 .u-btn:hover,.u-palette-3-dark-1 .u-btn:hover,.u-palette-4-base .u-btn:hover,.u-palette-4-dark-3 .u-btn:hover,.u-palette-4-dark-2 .u-btn:hover,.u-palette-4-dark-1 .u-btn:hover,.u-palette-5-dark-3 .u-btn:hover,.u-palette-5-dark-2 .u-btn:hover,.u-palette-5-dark-1 .u-btn:hover,.u-grey-40 .u-btn:hover,.u-grey-30 .u-btn:hover,.u-grey-90 .u-btn:hover,.u-grey-80 .u-btn:hover,.u-grey-75 .u-btn:hover,.u-black .u-btn:hover,.u-grey-70 .u-btn:hover,.u-grey-60 .u-btn:hover,.u-grey-50 .u-btn:hover,.u-grey-dark-3 .u-btn:hover,.u-grey-dark-2 .u-btn:hover,.u-grey-dark-1 .u-btn:hover,.u-grey .u-btn:hover,.u-shading .u-btn:hover,.u-overlap-contrast .u-header .u-btn:hover\n        {\n        background-color: var(--button-hover-alt-background-color);\n        color: var(--button-hover-alt-color);\n        }\n        .u-custom-color-1 .u-btn:active,.u-body-color .u-btn:active,.u-palette-1-base .u-btn:active,.u-palette-1-dark-3 .u-btn:active,.u-palette-1-dark-2 .u-btn:active,.u-palette-1-dark-1 .u-btn:active,.u-palette-1 .u-btn:active,.u-palette-1-light-1 .u-btn:active,.u-palette-2-base .u-btn:active,.u-palette-2-dark-3 .u-btn:active,.u-palette-2-dark-2 .u-btn:active,.u-palette-2-dark-1 .u-btn:active,.u-palette-2 .u-btn:active,.u-palette-2-light-1 .u-btn:active,.u-palette-3-dark-3 .u-btn:active,.u-palette-3-dark-2 .u-btn:active,.u-palette-3-dark-1 .u-btn:active,.u-palette-4-base .u-btn:active,.u-palette-4-dark-3 .u-btn:active,.u-palette-4-dark-2 .u-btn:active,.u-palette-4-dark-1 .u-btn:active,.u-palette-5-dark-3 .u-btn:active,.u-palette-5-dark-2 .u-btn:active,.u-palette-5-dark-1 .u-btn:active,.u-grey-40 .u-btn:active,.u-grey-30 .u-btn:active,.u-grey-90 .u-btn:active,.u-grey-80 .u-btn:active,.u-grey-75 .u-btn:active,.u-black .u-btn:active,.u-grey-70 .u-btn:active,.u-grey-60 .u-btn:active,.u-grey-50 .u-btn:active,.u-grey-dark-3 .u-btn:active,.u-grey-dark-2 .u-btn:active,.u-grey-dark-1 .u-btn:active,.u-grey .u-btn:active,.u-shading .u-btn:active,.u-overlap-contrast .u-header .u-btn:active\n        {\n        background-color: var(--button-active-alt-background-color);\n        color: var(--button-active-alt-color);\n        }\n        /** alt-color-rules **/\n    </style><style id=\"font-scheme\" font-scheme=\"Roboto-OpenSans\" heading-font=\"Roboto,sans-serif\" text-font=\"'Open Sans',sans-serif\">.u-body {\n   --text-font: 'Open Sans',sans-serif;\n   --heading-font: Roboto,sans-serif;\n}</style>","appVersion":"2.29.0","isTrial":true}
